ID,File_name,Report_ID,Site,Prefecture,remains,type,rim_diameter,hight,Reference,Target,Processing_marks,Phase,inside,outside
2200,TYd001,1,仏生寺城跡（2005）,Toyama,2005-1T中央土坑,TI,8.5,1.57,,TRUE,,BS_L15C,,
2201,TYd002,2,仏生寺城跡（2005）,Toyama,2005-1T中央土坑,TI,8.4,1.6,,TRUE,,BS_L15C,,
2202,TYd003,3,仏生寺城跡（2005）,Toyama,2005-1T中央土坑,TI,8.2,1.68,,TRUE,,BS_L15C,,
2203,TYd006,6,仏生寺城跡（2005）,Toyama,2005-1T中央土坑,RF,8.2,1.4,,TRUE,,BS_L15C,,
2204,TYd007,7,仏生寺城跡（2005）,Toyama,2005-1T中央土坑,RF,8.2,1.7,,TRUE,,BS_L15C,,
2205,TYd008,8,仏生寺城跡（2005）,Toyama,2005-1T中央土坑,RF,9.3,1.85,,TRUE,,BS_L15C,,
2206,TYd009,9,仏生寺城跡（2005）,Toyama,2005-1T中央土坑,RF,9.8,1.7,,TRUE,,BS_L15C,,
2207,TYd010,10,仏生寺城跡（2005）,Toyama,2005-1T中央土坑,RF,9.7,1.7,,TRUE,,BS_L15C,,
2208,TYd011,11,仏生寺城跡（2005）,Toyama,2005-1T中央土坑,RF,9.6,1.8,,TRUE,,BS_L15C,,
2209,TYd012,12,仏生寺城跡（2005）,Toyama,2005-1T中央土坑,RH,11.8,2.1,,TRUE,,BS_L15C,,
2210,TYd013,13,仏生寺城跡（2005）,Toyama,2005-1T中央土坑,TJ,8.4,1.75,,TRUE,,BS_L15C,,
2211,TYd015,15,仏生寺城跡（2005）,Toyama,2005-1T中央土坑,RH,15.9,2.6,,TRUE,,BS_L15C,,
2153,TYc070,70,仏生寺城跡,Toyama,2000-SD06,TJ,7.2,1.5,舟橋村教育委員会2000,TRUE,,BS_L15C,,
2154,TYc071,71,仏生寺城跡,Toyama,2000-SD06,TJ,7.3,1.5,舟橋村教育委員会2000,TRUE,,BS_L15C,,
2155,TYc072,72,仏生寺城跡,Toyama,2000-SD06,TJ,7.6,1.5,舟橋村教育委員会2000,TRUE,,BS_L15C,,
,73,73,仏生寺城跡,Toyama,SD06,TJ,8,1.5,富山県埋蔵文化財センター2001,,,,調整不明瞭,
2156,TYc074,74,仏生寺城跡,Toyama,2000-SD06,TJ,8.3,1.7,舟橋村教育委員会2000,TRUE,,BS_L15C,,
2157,TYc075,75,仏生寺城跡,Toyama,2000-SD06,TJ,8.2,1.4,舟橋村教育委員会2000,TRUE,,BS_L15C,,
,76,76,仏生寺城跡,Toyama,SD06,TJ,8.2,1.7,富山県埋蔵文化財センター2001,,,,見込：一方向ナデ→体部・口縁：の字ナデ,口縁：横ナデ
,77,77,仏生寺城跡,Toyama,SD06,TJ,8.4,1.4,富山県埋蔵文化財センター2001,,,,調整不明瞭,
2158,TYc078,78,仏生寺城跡,Toyama,2000-SD06,TJ,8.6,1.6,舟橋村教育委員会2000,TRUE,,BS_L15C,,
2159,TYc079,79,仏生寺城跡,Toyama,2000-SD06,TJ,9,1.8,舟橋村教育委員会2000,TRUE,,BS_L15C,,
,80,80,仏生寺城跡,Toyama,SD06,TJ,9.3,1.4,富山県埋蔵文化財センター2001,,,,見込：一方向ナデ→体部・口縁：の字ナデ,口縁：横ナデ
,81,81,仏生寺城跡,Toyama,SD06,TJ,9.4,1.7,富山県埋蔵文化財センター2001,,,,見込：一方向ナデ→体部・口縁：の字ナデ,口縁：横ナデ
,82,82,仏生寺城跡,Toyama,SD06,TJ,8.4,1.9,富山県埋蔵文化財センター2001,,,,見込：一方向ナデ→体部・口縁：横ナデ,口縁：横ナデ
2160,TYc083,83,仏生寺城跡,Toyama,2000-SD06,TJ,9.6,1.8,舟橋村教育委員会2000,TRUE,,BS_L15C,,
2161,TYc084,84,仏生寺城跡,Toyama,2000-SD06,TJ,9.4,1.8,舟橋村教育委員会2000,TRUE,,BS_L15C,,
2162,TYc085,85,仏生寺城跡,Toyama,2000-SD06,TJ,9.8,2.1,舟橋村教育委員会2000,TRUE,,BS_L15C,,
2163,TYc086,86,仏生寺城跡,Toyama,2000-SD06,TJ,9.2,1.9,舟橋村教育委員会2000,TRUE,,BS_L15C,,
2164,TYc087,87,仏生寺城跡,Toyama,2000-SD06,TJ,9,1.9,舟橋村教育委員会2000,TRUE,,BS_L15C,,
2165,TYc088,88,仏生寺城跡,Toyama,2000-SD06,TJ,11.6,2.3,舟橋村教育委員会2000,TRUE,,BS_L15C,,
,89,89,仏生寺城跡,Toyama,SD06,TJ,12,2.2,富山県埋蔵文化財センター2001,,,,見込：一方向ナデ→体部・口縁：横ナデ,口縁：横ナデ
,90,90,仏生寺城跡,Toyama,SD06,TJ,12.6,2.5,富山県埋蔵文化財センター2001,,,,見込：乱方向ナデ→一方向ナデ→口縁：横ナデ,口縁：横ナデ
,91,91,仏生寺城跡,Toyama,SD06,TJ,13.6,2.8,富山県埋蔵文化財センター2001,,,,見込：乱方向ナデ→一方向ナデ→口縁：横ナデ,口縁：横ナデ
2166,TYc092,92,仏生寺城跡,Toyama,2000-SD06,TJ,14,2.7,舟橋村教育委員会2000,TRUE,,BS_L15C,,
,93,93,仏生寺城跡,Toyama,SD06,TJ,14,2.9,富山県埋蔵文化財センター2001,,,,見込：乱方向ナデ→一方向ナデ→口縁：横ナデ,口縁：横ナデ
,94,94,仏生寺城跡,Toyama,SD06,TJ,14.4,2.7,富山県埋蔵文化財センター2001,,,,見込：乱方向ナデ→一方向ナデ→口縁：横ナデ,口縁：横ナデ
2167,TYc095,95,仏生寺城跡,Toyama,2000-SD06,TJ,14.1,2.8,舟橋村教育委員会2000,TRUE,,BS_L15C,,
2168,TYc096,96,仏生寺城跡,Toyama,2000-SD06,TJ,13.1,2.6,舟橋村教育委員会2000,TRUE,,BS_L15C,,
2169,TYc097,97,仏生寺城跡,Toyama,2000-SD06,TI,13.1,2.3,舟橋村教育委員会2000,TRUE,,BS_L15C,,
2170,TYc098,98,仏生寺城跡,Toyama,2000-SD06,TJ,12,2.3,舟橋村教育委員会2000,TRUE,,BS_L15C,,
,99,99,仏生寺城跡,Toyama,SD06,TJ,13.8,2.4,富山県埋蔵文化財センター2001,,,,見込：乱方向ナデ→一方向ナデ→口縁：横ナデ,口縁：横ナデ
,100,100,仏生寺城跡,Toyama,SD06,TJ,14,2.8,富山県埋蔵文化財センター2001,,,,見込：乱方向ナデ→一方向ナデ→口縁：横ナデ,口縁：横ナデ
2171,TYc101,101,仏生寺城跡,Toyama,2000-SD06,TJ,14.8,2.9,舟橋村教育委員会2000,TRUE,,BS_L15C,,
2172,TYc102,102,仏生寺城跡,Toyama,2000-SD06,TJ,16.9,3.2,舟橋村教育委員会2000,TRUE,,BS_L15C,,
,103,103,仏生寺城跡,Toyama,SD06,TJ,16.2,3.4,富山県埋蔵文化財センター2001,,,,見込：乱方向ナデ→一方向ナデ→口縁：横ナデ,口縁：横ナデ
,104,104,仏生寺城跡,Toyama,SD06,TJ,16.4,4,富山県埋蔵文化財センター2001,,,,見込：乱方向ナデ→一方向ナデ→口縁：横ナデ,口縁：横ナデ
,105,105,仏生寺城跡,Toyama,SD06,TJ,16.2,3.3,富山県埋蔵文化財センター2001,,,,見込：乱方向ナデ→一方向ナデ→口縁：横ナデ,口縁：横ナデ
,106,106,仏生寺城跡,Toyama,SD06,TJ,16,3.5,富山県埋蔵文化財センター2001,,,,見込：乱方向ナデ→一方向ナデ→口縁：横ナデ,口縁：横ナデ
2173,TYc107,107,仏生寺城跡,Toyama,2000-SD06,TJ,17,3.3,舟橋村教育委員会2000,TRUE,,BS_L15C,,
,108,108,仏生寺城跡,Toyama,SD06,TJ,17.2,3.4,富山県埋蔵文化財センター2001,,,,見込：乱方向ナデ→一方向ナデ→口縁：横ナデ,口縁：横ナデ
2174,TYc109,109,仏生寺城跡,Toyama,2000-SD06,TJ,8,1.6,舟橋村教育委員会2000,TRUE,,BS_L15C,,
2175,TYc110,110,仏生寺城跡,Toyama,2000-SD06,TJ,8.5,1.7,舟橋村教育委員会2000,TRUE,,BS_L15C,,
2176,TYc111,111,仏生寺城跡,Toyama,2000-SD06,TJ,7.8,1.5,舟橋村教育委員会2000,TRUE,,BS_L15C,,
2177,TYc112,112,仏生寺城跡,Toyama,2000-SD06,TJ,8.4,1.8,舟橋村教育委員会2000,TRUE,,BS_L15C,,
2178,TYc113,113,仏生寺城跡,Toyama,2000-SD06,TJ,9.8,1.5,舟橋村教育委員会2000,TRUE,,BS_L15C,,
,114,114,仏生寺城跡,Toyama,SD06,TJ,14.4,2.7,富山県埋蔵文化財センター2001,,,,,
,115,115,仏生寺城跡,Toyama,SD06,TJ,17.2,3,富山県埋蔵文化財センター2001,,,,見込：一方向ナデ→体部・口縁：横ナデ,口縁：横ナデ
2179,TYc116,116,仏生寺城跡,Toyama,2000-SD06,TJ,17,2.9,舟橋村教育委員会2000,TRUE,,BS_L15C,,
,117,117,仏生寺城跡,Toyama,SD06,TJ,17,3.3,富山県埋蔵文化財センター2001,,,,見込：一方向ナデ→体部・口縁：横ナデ,口縁：横ナデ
2180,TYc118,118,仏生寺城跡,Toyama,2000-SD06,TI,7.6,1.7,舟橋村教育委員会2000,TRUE,,BS_L15C,,
,119,119,仏生寺城跡,Toyama,SD06,TI,7.8,1.7,富山県埋蔵文化財センター2001,,,,,
2181,TYc120,120,仏生寺城跡,Toyama,2000-SD06,TI,8,2,舟橋村教育委員会2000,TRUE,,BS_L15C,,
2182,TYc121,121,仏生寺城跡,Toyama,2000-SD06,TI,8,1.7,舟橋村教育委員会2000,TRUE,,BS_L15C,,
,122,122,仏生寺城跡,Toyama,SD06,TI,8,1.8,富山県埋蔵文化財センター2001,,,,,
2183,TYc123,123,仏生寺城跡,Toyama,2000-SD06,TI,8.3,1.8,舟橋村教育委員会2000,TRUE,,BS_L15C,,
2184,TYc124,124,仏生寺城跡,Toyama,2000-SD06,TI,8.6,1.7,舟橋村教育委員会2000,TRUE,,BS_L15C,,
2185,TYc125,125,仏生寺城跡,Toyama,2000-SD06,TI,9,2,舟橋村教育委員会2000,TRUE,,BS_L15C,,
2186,TYc126,126,仏生寺城跡,Toyama,2000-SD06,TI,9.8,2.2,舟橋村教育委員会2000,TRUE,,BS_L15C,,
,127,127,仏生寺城跡,Toyama,SD06,,9.4,2.4,富山県埋蔵文化財センター2001,,,,,
2187,TYc128,128,仏生寺城跡,Toyama,2000-SD06,TI,10.5,2.4,舟橋村教育委員会2000,TRUE,,BS_L15C,,
,129,129,仏生寺城跡,Toyama,SD06,TI,14,2.4,富山県埋蔵文化財センター2001,,,,,
,130,130,仏生寺城跡,Toyama,SD06,TI,14.4,2.6,富山県埋蔵文化財センター2001,,,,,
,131,131,仏生寺城跡,Toyama,SD06,TI,15.2,,富山県埋蔵文化財センター2001,,,,,
,132,132,仏生寺城跡,Toyama,SD06,,7.6,1.9,富山県埋蔵文化財センター2001,,,,,
,133,133,仏生寺城跡,Toyama,SD06,,7.6,2.1,富山県埋蔵文化財センター2001,,,,,
,134,134,仏生寺城跡,Toyama,SD06,TI,14.4,2.4,富山県埋蔵文化財センター2001,,,,,
,135,135,仏生寺城跡,Toyama,SD06,TI,15.6,2.7,富山県埋蔵文化財センター2001,,,,,
,136,136,仏生寺城跡,Toyama,SD06,TI,16,2.3,富山県埋蔵文化財センター2001,,,,,
,137,137,仏生寺城跡,Toyama,SD06,,12.7,2.6,富山県埋蔵文化財センター2001,,,,,
,138,138,仏生寺城跡,Toyama,SD06,,8.9,1.7,富山県埋蔵文化財センター2001,,,,,
2188,TYc165,165,仏生寺城跡,Toyama,2000-SD17,TJ,8,1.5,舟橋村教育委員会2000,TRUE,,BS_L15C,,
,166,166,仏生寺城跡,Toyama,SD17,TJ,,,富山県埋蔵文化財センター2001,,,,見込：一方向ナデ→体部・口縁：横ナデ,口縁：横ナデ
2189,TYc167,167,仏生寺城跡,Toyama,2000-SD17,TJ,9.6,2,舟橋村教育委員会2000,TRUE,,BS_L15C,,
2190,TYc168,168,仏生寺城跡,Toyama,2000-SD17,TJ,10.6,2.2,舟橋村教育委員会2000,TRUE,,BS_L15C,,
,169,169,仏生寺城跡,Toyama,SD17,TJ,14.4,,富山県埋蔵文化財センター2001,,,,口縁：横ナデ,口縁：横ナデ
,170,170,仏生寺城跡,Toyama,SD17,TJ,16.4,3.4,富山県埋蔵文化財センター2001,,,,口縁：横ナデ,口縁：横ナデ
,171,171,仏生寺城跡,Toyama,SD17,TJ,16.8,,富山県埋蔵文化財センター2001,,,,口縁：横ナデ,口縁：横ナデ
2191,TYc172,172,仏生寺城跡,Toyama,2000-SD17,TJ,17.7,3.6,舟橋村教育委員会2000,TRUE,,BS_L15C,,
,173,173,仏生寺城跡,Toyama,SD17,TJ,14.2,,富山県埋蔵文化財センター2001,,,,,
,174,174,仏生寺城跡,Toyama,SD17,TJ,15.2,,富山県埋蔵文化財センター2001,,,,,
,175,175,仏生寺城跡,Toyama,SD17,TJ,15.2,,富山県埋蔵文化財センター2001,,,,,
,176,176,仏生寺城跡,Toyama,SD17,TJ,16.8,,富山県埋蔵文化財センター2001,,,,,
,177,177,仏生寺城跡,Toyama,SD17,TI,8.2,1.6,富山県埋蔵文化財センター2001,,,,,
2192,TYc178,178,仏生寺城跡,Toyama,2000-SD17,TI,9.3,1.9,舟橋村教育委員会2000,TRUE,,BS_L15C,,
2193,TYc179,179,仏生寺城跡,Toyama,2000-SD17,TI,9.6,1.8,舟橋村教育委員会2000,TRUE,,BS_L15C,,
,180,180,仏生寺城跡,Toyama,SD17,TI,9.3,1.9,富山県埋蔵文化財センター2001,,,,,
,181,181,仏生寺城跡,Toyama,SD17,TI,9,,富山県埋蔵文化財センター2001,,,,,
2194,TYc182,182,仏生寺城跡,Toyama,2000-SD17,TI,9,2,舟橋村教育委員会2000,TRUE,,BS_L15C,,
,183,183,仏生寺城跡,Toyama,SD17,TI,10,2,富山県埋蔵文化財センター2001,,,,,
2195,TYc184,184,仏生寺城跡,Toyama,2000-SD17,TI,9.6,2.1,舟橋村教育委員会2000,TRUE,,BS_L15C,,
2196,TYc185,185,仏生寺城跡,Toyama,2000-SD17,TI,9,1.7,舟橋村教育委員会2000,TRUE,,BS_L15C,,
,186,186,仏生寺城跡,Toyama,SD17,TI,8.7,2,富山県埋蔵文化財センター2001,,,,,
2197,TYc187,187,仏生寺城跡,Toyama,2000-SD17,TI,9.3,2,舟橋村教育委員会2000,TRUE,,BS_L15C,,
2198,TYc188,188,仏生寺城跡,Toyama,2000-SD17,TI,9,2,舟橋村教育委員会2000,TRUE,,BS_L15C,,
,189,189,仏生寺城跡,Toyama,SD17,TI,12.2,,富山県埋蔵文化財センター2001,,,,,
,190,190,仏生寺城跡,Toyama,SD17,TI,13.4,,富山県埋蔵文化財センター2001,,,,,
,191,191,仏生寺城跡,Toyama,SD17,TI,12.8,2,富山県埋蔵文化財センター2001,,,,,
,192,192,仏生寺城跡,Toyama,SD17,TI,13,,富山県埋蔵文化財センター2001,,,,,
,193,193,仏生寺城跡,Toyama,SD17,,8.2,1.6,富山県埋蔵文化財センター2001,,,,,
,194,194,仏生寺城跡,Toyama,SD17,,9.2,1.7,富山県埋蔵文化財センター2001,,,,,
,195,195,仏生寺城跡,Toyama,SD17,煎餅,7.8,1.6,富山県埋蔵文化財センター2001,,,,,
,196,196,仏生寺城跡,Toyama,SD17,煎餅,8.6,2.3,富山県埋蔵文化財センター2001,,,,,
2199,TYc197,197,仏生寺城跡,Toyama,2000-SD17,RF,9,1.8,舟橋村教育委員会2000,TRUE,,BS_L15C,,
,238,238,仏生寺城跡,Toyama,SK06,,8.2,2,富山県埋蔵文化財センター2001,,,,体部：横ナデ→口縁：横ナデ,口縁：横ナデ
,239,239,仏生寺城跡,Toyama,SK06,TI,8.4,1.9,富山県埋蔵文化財センター2001,TRUE,,,体部：横ナデ→口縁：横ナデ,口縁：横ナデ
,240,240,仏生寺城跡,Toyama,SK06,TI,8.8,2.2,富山県埋蔵文化財センター2001,TRUE,,,体部：の字ナデ→口縁：横ナデ,口縁：横ナデ
,241,241,仏生寺城跡,Toyama,SK06,TI,9,1.8,富山県埋蔵文化財センター2001,,,,体部：の字ナデ→口縁：横ナデ,口縁：横ナデ
,242,242,仏生寺城跡,Toyama,SK06,TI,9.2,,富山県埋蔵文化財センター2001,,,,,
,243,243,仏生寺城跡,Toyama,SK06,TI,9.5,1.9,富山県埋蔵文化財センター2001,,,,体部：の字ナデ→口縁：横ナデ,口縁：横ナデ
,244,244,仏生寺城跡,Toyama,SK06,TI,9.8,1.8,富山県埋蔵文化財センター2001,TRUE,,,,
,245,245,仏生寺城跡,Toyama,SK06,TI,9.7,2.1,富山県埋蔵文化財センター2001,TRUE,,,体部：の字ナデ→見込：指ナデ→口縁：横ナデ,口縁：横ナデ
,246,246,仏生寺城跡,Toyama,SK06,TI,10,2,富山県埋蔵文化財センター2001,,,,,
,247,247,仏生寺城跡,Toyama,SK06,TI,11.6,,富山県埋蔵文化財センター2001,,,,,
,248,248,仏生寺城跡,Toyama,SK06,TI,13,2,富山県埋蔵文化財センター2001,,,,,
,249,249,仏生寺城跡,Toyama,SK06,TI,13,2,富山県埋蔵文化財センター2001,TRUE,,,,
,250,250,仏生寺城跡,Toyama,SK06,TI,13.6,,富山県埋蔵文化財センター2001,,,,,
,251,251,仏生寺城跡,Toyama,SK06,TI,14.1,2.1,富山県埋蔵文化財センター2001,,,,,
,252,252,仏生寺城跡,Toyama,SK06,TI,14,2,富山県埋蔵文化財センター2001,,,,,
,253,253,仏生寺城跡,Toyama,SK06,TI,14.4,2.7,富山県埋蔵文化財センター2001,TRUE,,,,
,254,254,仏生寺城跡,Toyama,SK06,TI,14.5,2.4,富山県埋蔵文化財センター2001,,,,,
,255,255,仏生寺城跡,Toyama,SK06,TI,14.8,,富山県埋蔵文化財センター2001,,,,,
,256,256,仏生寺城跡,Toyama,SK06,TI,14.8,,富山県埋蔵文化財センター2001,,,,,
,257,257,仏生寺城跡,Toyama,SK06,TI,15,2.2,富山県埋蔵文化財センター2001,,,,,
,258,258,仏生寺城跡,Toyama,SK06,TI,15.5,2.2,富山県埋蔵文化財センター2001,,,,,
,259,259,仏生寺城跡,Toyama,SK06,TI,16.3,2.8,富山県埋蔵文化財センター2001,,,,,
,260,260,仏生寺城跡,Toyama,SK06,TI,14.58,,富山県埋蔵文化財センター2001,,,,,
,261,261,仏生寺城跡,Toyama,SK06,TI,14.6,2,富山県埋蔵文化財センター2001,,,,,
,388,388,富山城跡（レガートスクエア）,Toyama,2SK705,TI,9,,富山市教育委員会2018,,,,体部：ヨコナデ→口縁：横ナデ,口縁：横ナデ
,389,389,富山城跡（レガートスクエア）,Toyama,2SK705,TI,9.3,2.1,富山市教育委員会2018,TRUE,,,体部：の字ナデ→口縁：横ナデ,口縁：横ナデ
,390,390,富山城跡（レガートスクエア）,Toyama,2SK705,TI,7.8,1.8,富山市教育委員会2018,TRUE,,,体部：の字ナデ→口縁：横ナデ,口縁：横ナデ
,391,391,富山城跡（レガートスクエア）,Toyama,2SK705,TI,9,,富山市教育委員会2018,,,,体部：ヨコナデ→口縁：横ナデ,口縁：横ナデ
,392,392,富山城跡（レガートスクエア）,Toyama,2SK705,TI,9.3,2.1,富山市教育委員会2018,TRUE,,,体部：の字ナデ→口縁：横ナデ,口縁：横ナデ
,393,393,富山城跡（レガートスクエア）,Toyama,2SK705,TI,9.6,2.1,富山市教育委員会2018,TRUE,,,体部：の字ナデ→口縁：横ナデ,口縁：横ナデ
,394,394,富山城跡（レガートスクエア）,Toyama,2SK705,TI,8.7,2.1,富山市教育委員会2018,TRUE,,,見込：指ナデ→体部：の字ナデ→口縁：横ナデ,口縁：横ナデ
,395,395,富山城跡（レガートスクエア）,Toyama,2SK705,TI,9.3,2.1,富山市教育委員会2018,TRUE,,,調整不明瞭,
,396,396,富山城跡（レガートスクエア）,Toyama,2SK705,TI,9,,富山市教育委員会2018,,,,見込：指ナデ→体部：の字ナデ→口縁：横ナデ,口縁：横ナデ
,397,397,富山城跡（レガートスクエア）,Toyama,2SK705,TI,9,2.1,富山市教育委員会2018,TRUE,,,体部：の字ナデ→口縁：横ナデ,口縁：横ナデ
,398,398,富山城跡（レガートスクエア）,Toyama,2SK705,TI,9.6,1.8,富山市教育委員会2018,TRUE,,,体部：の字ナデ→口縁：横ナデ,口縁：横ナデ
,399,399,富山城跡（レガートスクエア）,Toyama,2SK705,TI,10.2,2.01,富山市教育委員会2018,TRUE,,,体部：の字ナデ→口縁：横ナデ,口縁：横ナデ
,400,400,富山城跡（レガートスクエア）,Toyama,2SK705,TI,9.6,1.8,富山市教育委員会2018,TRUE,,,体部：の字ナデ→口縁：横ナデ,口縁：横ナデ
,401,401,富山城跡（レガートスクエア）,Toyama,2SK705,TI,9.3,,富山市教育委員会2018,,,,体部：ヨコナデ→口縁：横ナデ,口縁：横ナデ
,402,402,富山城跡（レガートスクエア）,Toyama,2SK705,TI,9,,富山市教育委員会2018,,,,体部：ヨコナデ→口縁：横ナデ,口縁：横ナデ
,403,403,富山城跡（レガートスクエア）,Toyama,2SK705,TI,9,,富山市教育委員会2018,,,,体部：ヨコナデ→口縁：横ナデ,口縁：横ナデ
,404,404,富山城跡（レガートスクエア）,Toyama,2SK705,TI,10.2,,富山市教育委員会2018,,,,体部：ヨコナデ→口縁：横ナデ,口縁：横ナデ
,405,405,富山城跡（レガートスクエア）,Toyama,2SK705,TI,9.6,2.4,富山市教育委員会2018,TRUE,,,体部：の字ナデ→口縁：横ナデ,口縁：横ナデ
,406,406,富山城跡（レガートスクエア）,Toyama,2SK705,TI,9.3,2.1,富山市教育委員会2018,TRUE,,,体部：ヨコナデ→口縁：横ナデ,口縁：横ナデ
,407,407,富山城跡（レガートスクエア）,Toyama,2SK705,TI,9.9,,富山市教育委員会2018,,,,体部：ヨコナデ→口縁：横ナデ,口縁：横ナデ
,408,408,富山城跡（レガートスクエア）,Toyama,2SK705,TI,11.4,2.1,富山市教育委員会2018,TRUE,,,体部：2字ナデ→口縁：横ナデ,口縁：横ナデ
,409,409,富山城跡（レガートスクエア）,Toyama,2SK705,TI,11.4,2.4,富山市教育委員会2018,TRUE,,,体部：2字ナデ→口縁：横ナデ,口縁：横ナデ
,410,410,富山城跡（レガートスクエア）,Toyama,2SK705,TI,9,2.1,富山市教育委員会2018,TRUE,,,体部：の字ナデ→口縁：横ナデ,口縁：横ナデ
,411,411,富山城跡（レガートスクエア）,Toyama,2SK705,TI,11.4,2.4,富山市教育委員会2018,TRUE,,,体部：2字ナデ→口縁：横ナデ,口縁：横ナデ
,412,412,富山城跡（レガートスクエア）,Toyama,2SK705,TI,9.3,1.95,富山市教育委員会2018,TRUE,,,体部：の字ナデ→口縁：横ナデ,口縁：横ナデ
,413,413,富山城跡（レガートスクエア）,Toyama,2SK705,TI,9.9,2.46,富山市教育委員会2018,TRUE,,,体部：の字ナデ→口縁：横ナデ,口縁：横ナデ
,414,414,富山城跡（レガートスクエア）,Toyama,2SK705,TI,9.3,2.4,富山市教育委員会2018,TRUE,,,調整不明瞭,
,415,415,富山城跡（レガートスクエア）,Toyama,2SK705,TI,9.3,2.31,富山市教育委員会2018,TRUE,,,体部：の字ナデ→口縁：横ナデ,口縁：横ナデ
,416,416,富山城跡（レガートスクエア）,Toyama,2SK705,TI,9.3,2.22,富山市教育委員会2018,TRUE,,,調整不明瞭,
,417,417,富山城跡（レガートスクエア）,Toyama,2SK705,TI,9.3,2.28,富山市教育委員会2018,TRUE,,,体部：の字ナデ→口縁：横ナデ,口縁：横ナデ
,418,418,富山城跡（レガートスクエア）,Toyama,2SK705,TI,9.3,2.1,富山市教育委員会2018,TRUE,,,見込：指ナデ→体部：の字ナデ→口縁：横ナデ,口縁：横ナデ
,419,419,富山城跡（レガートスクエア）,Toyama,2SK705,TI,9.3,2.22,富山市教育委員会2018,TRUE,,,体部：の字ナデ→口縁：横ナデ,口縁：横ナデ
,420,420,富山城跡（レガートスクエア）,Toyama,2SK705,TI,9.57,2.19,富山市教育委員会2018,TRUE,,,体部：の字ナデ→口縁：横ナデ,口縁：横ナデ
,421,421,富山城跡（レガートスクエア）,Toyama,2SK705,TI,9.42,2.37,富山市教育委員会2018,TRUE,,,見込：指ナデ→体部：の字ナデ→口縁：横ナデ,口縁：横ナデ
,422,422,富山城跡（レガートスクエア）,Toyama,2SK705,TI,9.54,2.46,富山市教育委員会2018,TRUE,,,体部：の字ナデ→口縁：横ナデ,口縁：横ナデ
,423,423,富山城跡（レガートスクエア）,Toyama,2SK705,TI,9.54,2.34,富山市教育委員会2018,TRUE,,,体部：の字ナデ→口縁：横ナデ,口縁：横ナデ
,424,424,富山城跡（レガートスクエア）,Toyama,2SK705,TI,9.27,2.19,富山市教育委員会2018,TRUE,,,体部：の字ナデ→口縁：横ナデ,口縁：横ナデ
,425,425,富山城跡（レガートスクエア）,Toyama,2SK705,TI,9.75,2.505,富山市教育委員会2018,TRUE,,,調整不明瞭,
,426,426,富山城跡（レガートスクエア）,Toyama,2SK705,TI,9.3,2.34,富山市教育委員会2018,TRUE,,,体部：の字ナデ→口縁：横ナデ,口縁：横ナデ
,427,427,富山城跡（レガートスクエア）,Toyama,2SK705,TI,9.6,2.37,富山市教育委員会2018,TRUE,,,体部：の字ナデ→口縁：横ナデ,口縁：横ナデ
,428,428,富山城跡（レガートスクエア）,Toyama,2SK705,,9.3,2.07,富山市教育委員会2018,TRUE,,,調整不明瞭,
,429,429,富山城跡（レガートスクエア）,Toyama,2SK705,,8.91,2.19,富山市教育委員会2018,TRUE,,,体部：ヨコナデ→口縁：横ナデ,口縁：横ナデ
,430,430,富山城跡（レガートスクエア）,Toyama,2SK705,,10.92,2.4,富山市教育委員会2018,TRUE,,,見込：一方向ナデ（薄い）→体部：2字ナデ→口縁：横ナデ,口縁：横ナデ
,431,431,富山城跡（レガートスクエア）,Toyama,2SK705,,9.39,2.1,富山市教育委員会2018,TRUE,,,体部：の字ナデ→口縁：横ナデ,口縁：横ナデ
,432,432,富山城跡（レガートスクエア）,Toyama,2SK705,,9.3,2.214,富山市教育委員会2018,TRUE,,,体部：の字ナデ→口縁：横ナデ,口縁：横ナデ
,433,433,富山城跡（レガートスクエア）,Toyama,2SK705,,9.06,2.139,富山市教育委員会2018,TRUE,,,体部：の字ナデ→口縁：横ナデ,口縁：横ナデ
,434,434,富山城跡（レガートスクエア）,Toyama,2SK705,,9.45,2.304,富山市教育委員会2018,TRUE,,,体部：の字ナデ→口縁：横ナデ,口縁：横ナデ
,435,435,富山城跡（レガートスクエア）,Toyama,2SK705,,9.6,2.397,富山市教育委員会2018,TRUE,,,体部：の字ナデ→口縁：横ナデ,口縁：横ナデ
,436,436,富山城跡（レガートスクエア）,Toyama,2SK705,,9,2.1,富山市教育委員会2018,TRUE,,,体部：の字ナデ→口縁：横ナデ,口縁：横ナデ
,437,437,富山城跡（レガートスクエア）,Toyama,2SK705,,9.9,2.58,富山市教育委員会2018,TRUE,,,,
,438,438,富山城跡（レガートスクエア）,Toyama,2SK705,,9.54,2.19,富山市教育委員会2018,TRUE,,,調整不明瞭,
,439,439,富山城跡（レガートスクエア）,Toyama,2SK705,,11.58,2.22,富山市教育委員会2018,TRUE,,,体部：2字ナデ→口縁：横ナデ,口縁：横ナデ
,440,440,富山城跡（レガートスクエア）,Toyama,2SK705,,9.3,2.43,富山市教育委員会2018,TRUE,,,体部：の字ナデ→口縁：横ナデ,口縁：横ナデ
,441,441,富山城跡（レガートスクエア）,Toyama,2SK705,,9.6,2.34,富山市教育委員会2018,TRUE,,,体部：の字ナデ→口縁：横ナデ,口縁：横ナデ
,442,442,富山城跡（レガートスクエア）,Toyama,2SK705,,9.3,2.43,富山市教育委員会2018,TRUE,,,体部：の字ナデ→口縁：横ナデ,口縁：横ナデ
,443,443,富山城跡（レガートスクエア）,Toyama,2SK705,,9.3,2.37,富山市教育委員会2018,TRUE,,,調整不明瞭,
,444,444,富山城跡（レガートスクエア）,Toyama,2SK705,,9.21,2.28,富山市教育委員会2018,TRUE,,,体部：の字ナデ→口縁：横ナデ,口縁：横ナデ
,445,445,富山城跡（レガートスクエア）,Toyama,2SK705,,9.45,2.34,富山市教育委員会2018,TRUE,,,体部：の字ナデ→口縁：横ナデ,口縁：横ナデ
,446,446,富山城跡（レガートスクエア）,Toyama,2SK705,,9.3,2.31,富山市教育委員会2018,TRUE,,,体部：の字ナデ→口縁：横ナデ,口縁：横ナデ
,447,447,富山城跡（レガートスクエア）,Toyama,2SK705,,9.48,2.16,富山市教育委員会2018,TRUE,,,体部：の字ナデ→口縁：横ナデ,口縁：横ナデ
,448,448,富山城跡（レガートスクエア）,Toyama,2SK705,,9.45,2.1642,富山市教育委員会2018,TRUE,,,体部：の字ナデ→口縁：横ナデ,口縁：横ナデ
,449,449,富山城跡（レガートスクエア）,Toyama,2SK705,,11.46,2.52,富山市教育委員会2018,TRUE,,,体部：2字ナデ→口縁：横ナデ,口縁：横ナデ
,450,450,富山城跡（レガートスクエア）,Toyama,2SK705,,11.43,2.52,富山市教育委員会2018,TRUE,,,体部：2字ナデ→口縁：横ナデ,口縁：横ナデ
,451,451,富山城跡（レガートスクエア）,Toyama,2SK705,,11.25,2.58,富山市教育委員会2018,TRUE,,,体部：ヨコナデ→口縁：横ナデ,口縁：横ナデ
,452,452,富山城跡（レガートスクエア）,Toyama,2SK705,,11.22,2.5353,富山市教育委員会2018,TRUE,,,体部：2字ナデ→口縁：横ナデ,口縁：横ナデ
,453,453,富山城跡（レガートスクエア）,Toyama,2SK705,,11.991,2.55,富山市教育委員会2018,TRUE,,,体部：2字ナデ→口縁：横ナデ,口縁：横ナデ
,454,454,富山城跡（レガートスクエア）,Toyama,2SK705,,11.88,2.55,富山市教育委員会2018,TRUE,,,体部：2字ナデ→口縁：横ナデ,口縁：横ナデ
,455,455,富山城跡（レガートスクエア）,Toyama,2SK705,,12.21,,富山市教育委員会2018,,,,,
,456,456,富山城跡（レガートスクエア）,Toyama,2SK705,,13.86,,富山市教育委員会2018,,,,,
,457,457,富山城跡（レガートスクエア）,Toyama,2SK705,,13.89,2.49,富山市教育委員会2018,TRUE,,,見込：一方向ナデ→体部：2字ナデ→口縁：横ナデ,口縁：横ナデ
,458,458,富山城跡（レガートスクエア）,Toyama,2SK705,,13.74,2.58,富山市教育委員会2018,TRUE,,,体部：2字ナデ→口縁：横ナデ,口縁：横ナデ
,459,459,富山城跡（レガートスクエア）,Toyama,2SK705,,13.8,2.58,富山市教育委員会2018,TRUE,,,体部：2字ナデ→口縁：横ナデ,口縁：横ナデ
,460,460,富山城跡（レガートスクエア）,Toyama,2SK705,,13.32,7.94,富山市教育委員会2018,TRUE,,,見込：一方向ナデ→体部：2字ナデ→口縁：横ナデ,口縁：横ナデ
,461,461,富山城跡（レガートスクエア）,Toyama,2SK705,,13.89,2.811,富山市教育委員会2018,TRUE,,,体部：2字ナデ→口縁：横ナデ,口縁：横ナデ
,462,462,富山城跡（レガートスクエア）,Toyama,2SK705,,13.494,2.88,富山市教育委員会2018,TRUE,,,体部：2字ナデ→口縁：横ナデ,口縁：横ナデ
,463,463,富山城跡（レガートスクエア）,Toyama,2SK705,,14.0367,2.76,富山市教育委員会2018,TRUE,,,体部：2字ナデ→口縁：横ナデ,口縁：横ナデ
,464,464,富山城跡（レガートスクエア）,Toyama,2SK705,,14.469,2.487,富山市教育委員会2018,TRUE,,,体部：ヨコナデ→口縁：横ナデ,口縁：横ナデ
,465,465,富山城跡（レガートスクエア）,Toyama,2SK705,,13.5,2.604,富山市教育委員会2018,TRUE,,,体部：ヨコナデ→口縁：横ナデ,口縁：横ナデ
,466,466,富山城跡（レガートスクエア）,Toyama,2SK705,,13.53,2.355,富山市教育委員会2018,TRUE,,,体部：2字ナデ→口縁：横ナデ,口縁：横ナデ
,467,467,富山城跡（レガートスクエア）,Toyama,2SK705,,13.2,2.73,富山市教育委員会2018,TRUE,,,体部：2字ナデ→口縁：横ナデ,口縁：横ナデ
,468,468,富山城跡（レガートスクエア）,Toyama,2SK705,,14.37,2.8845,富山市教育委員会2018,TRUE,,,見込：一方向ナデ→体部：2字ナデ→口縁：横ナデ,口縁：横ナデ
,469,469,富山城跡（レガートスクエア）,Toyama,2SK705,,15.6,3.21,富山市教育委員会2018,TRUE,,,体部：ヨコナデ→口縁：横ナデ,口縁：横ナデ
,548,548,富山城跡（レガートスクエア）,Toyama,3SD54,TI,8.1,2.1,富山市教育委員会2018,TRUE,,,体部：の字ナデ→口縁：横ナデ,口縁：横ナデ
,549,549,富山城跡（レガートスクエア）,Toyama,3SD54,,8.7,,富山市教育委員会2018,,,,,
,550,550,富山城跡（レガートスクエア）,Toyama,3SD54,TI,9.3,2.1,富山市教育委員会2018,TRUE,,,,
,551,551,富山城跡（レガートスクエア）,Toyama,3SD54,TI,8.4,2.1,富山市教育委員会2018,TRUE,,,体部：の字ナデ→口縁：横ナデ,口縁：横ナデ
,552,552,富山城跡（レガートスクエア）,Toyama,3SD54,TI,8.1,2.1,富山市教育委員会2018,TRUE,,,,
,553,553,富山城跡（レガートスクエア）,Toyama,3SD54,,8.4,1.8,富山市教育委員会2018,,,,,
,554,554,富山城跡（レガートスクエア）,Toyama,3SD54,,11.1,,富山市教育委員会2018,,,,,
,555,555,富山城跡（レガートスクエア）,Toyama,3SD54,TI,9.3,2.1,富山市教育委員会2018,TRUE,,,体部：の字ナデ→口縁：横ナデ,口縁：横ナデ
,556,556,富山城跡（レガートスクエア）,Toyama,3SD54,TI,8.1,1.8,富山市教育委員会2018,TRUE,,,,
,557,557,富山城跡（レガートスクエア）,Toyama,3SD54,TI,8.7,1.8,富山市教育委員会2018,TRUE,,,,
,558,558,富山城跡（レガートスクエア）,Toyama,3SD54,,8.7,,富山市教育委員会2018,,,,,
,559,559,富山城跡（レガートスクエア）,Toyama,3SD54,,8.1,,富山市教育委員会2018,,,,,
,560,560,富山城跡（レガートスクエア）,Toyama,3SD54,TI,8.4,1.8,富山市教育委員会2018,TRUE,,,体部：の字ナデ→口縁：横ナデ,口縁：横ナデ
,561,561,富山城跡（レガートスクエア）,Toyama,3SD54,TI,9.3,2.1,富山市教育委員会2018,TRUE,,,調整不明瞭,
,562,562,富山城跡（レガートスクエア）,Toyama,3SD54,,8.1,,富山市教育委員会2018,,,,,
,563,563,富山城跡（レガートスクエア）,Toyama,3SD54,,9,,富山市教育委員会2018,,,,,
,564,564,富山城跡（レガートスクエア）,Toyama,3SD54,TI,8.1,1.8,富山市教育委員会2018,TRUE,,,体部：の字ナデ→口縁：横ナデ,口縁：横ナデ
,565,565,富山城跡（レガートスクエア）,Toyama,3SD54,TI,8.7,1.8,富山市教育委員会2018,TRUE,,,体部：の字ナデ→口縁：横ナデ,口縁：横ナデ
,566,566,富山城跡（レガートスクエア）,Toyama,3SD54,,9,,富山市教育委員会2018,,,,体部：の字ナデ→口縁：横ナデ,口縁：横ナデ
,567,567,富山城跡（レガートスクエア）,Toyama,3SD54,TI,8.1,2.1,富山市教育委員会2018,TRUE,,,見込：一方向ナデ→体部：の字ナデ→口縁：横ナデ,口縁：横ナデ
,568,568,富山城跡（レガートスクエア）,Toyama,3SD54,TI,8.7,1.5,富山市教育委員会2018,TRUE,,,体部：の字ナデ→見込：指ナデ→口縁：横ナデ,口縁：横ナデ
,569,569,富山城跡（レガートスクエア）,Toyama,3SD54,TI,8.7,2.4,富山市教育委員会2018,TRUE,,,,
,570,570,富山城跡（レガートスクエア）,Toyama,3SD54,TI,8.4,1.8,富山市教育委員会2018,TRUE,,,見込：指ナデ→体部：の字ナデ→口縁：横ナデ,口縁：横ナデ
,571,571,富山城跡（レガートスクエア）,Toyama,3SD54,,8.7,,富山市教育委員会2018,,,,,
,572,572,富山城跡（レガートスクエア）,Toyama,3SD54,,9.6,,富山市教育委員会2018,,,,,
,573,573,富山城跡（レガートスクエア）,Toyama,3SD54,TI,8.4,1.8,富山市教育委員会2018,TRUE,,,体部：の字ナデ→口縁：横ナデ,口縁：横ナデ
,574,574,富山城跡（レガートスクエア）,Toyama,3SD54,TI,9,1.8,富山市教育委員会2018,TRUE,,,体部：の字ナデ→見込：指ナデ→口縁：横ナデ,口縁：横ナデ
,575,575,富山城跡（レガートスクエア）,Toyama,3SD54,,10.8,,富山市教育委員会2018,,,,,
,576,576,富山城跡（レガートスクエア）,Toyama,3SD54,TI,7.8,2.1,富山市教育委員会2018,TRUE,,,体部：の字ナデ（引出さない）→見込：指ナデ→口縁：横ナデ,口縁：横ナデ
,577,577,富山城跡（レガートスクエア）,Toyama,3SD54,TI,8.7,2.1,富山市教育委員会2018,TRUE,,,調整不明瞭,
,578,578,富山城跡（レガートスクエア）,Toyama,3SD54,,8.22,,富山市教育委員会2018,,,,,
,579,579,富山城跡（レガートスクエア）,Toyama,3SD54,,9.12,,富山市教育委員会2018,,,,,
,580,580,富山城跡（レガートスクエア）,Toyama,3SD54,TI,9.3,1.8,富山市教育委員会2018,TRUE,,,体部：の字ナデ→見込：指ナデ→口縁：横ナデ,口縁：横ナデ
,581,581,富山城跡（レガートスクエア）,Toyama,3SD54,TI,9.3,1.8,富山市教育委員会2018,TRUE,,,,
,582,582,富山城跡（レガートスクエア）,Toyama,3SD54,TI,9.6,2.1,富山市教育委員会2018,TRUE,,,体部：の字ナデ→見込：指ナデ→口縁：横ナデ,口縁：横ナデ
,583,583,富山城跡（レガートスクエア）,Toyama,3SD54,,9,,富山市教育委員会2018,,,,,
,584,584,富山城跡（レガートスクエア）,Toyama,3SD54,,8.7,2.1,富山市教育委員会2018,,,,,
,585,585,富山城跡（レガートスクエア）,Toyama,3SD54,,10.5,1.8,富山市教育委員会2018,,,,見込：一方向ナデ→体部・口縁：横ナデ（ロクロか）,体部・口縁：横ナデ
,586,586,富山城跡（レガートスクエア）,Toyama,3SD54,,10.2,2.1,富山市教育委員会2018,TRUE,,,体部：の字ナデ→口縁：横ナデ,口縁：横ナデ
,587,587,富山城跡（レガートスクエア）,Toyama,3SD54,,,,富山市教育委員会2018,,,,,
,588,588,富山城跡（レガートスクエア）,Toyama,3SD54,,9.9,2.4,富山市教育委員会2018,TRUE,,,,
,589,589,富山城跡（レガートスクエア）,Toyama,3SD54,,10.5,2.1,富山市教育委員会2018,,,,,
,590,590,富山城跡（レガートスクエア）,Toyama,3SD54,,11.4,,富山市教育委員会2018,,,,,
,591,591,富山城跡（レガートスクエア）,Toyama,3SD54,,11.4,2.1,富山市教育委員会2018,,,,,
,592,592,富山城跡（レガートスクエア）,Toyama,3SD54,,11.1,2.1,富山市教育委員会2018,,,,体部：の字ナデ→口縁：横ナデ,口縁：横ナデ
,593,593,富山城跡（レガートスクエア）,Toyama,3SD54,,10.5,2.1,富山市教育委員会2018,TRUE,,,体部：ヨコナデ→口縁：横ナデ,口縁：横ナデ
,594,594,富山城跡（レガートスクエア）,Toyama,3SD54,,10.8,2.4,富山市教育委員会2018,TRUE,,,調整不明瞭（仏生寺城跡と似る）,
,595,595,富山城跡（レガートスクエア）,Toyama,3SD54,,10.65,2.1,富山市教育委員会2018,TRUE,,,体部：2字ナデ→口縁：横ナデ,口縁：横ナデ
,596,596,富山城跡（レガートスクエア）,Toyama,3SD54,,10.5,1.8,富山市教育委員会2018,,,,体部：ヨコナデ→口縁：横ナデ,口縁：横ナデ
,597,597,富山城跡（レガートスクエア）,Toyama,3SD54,,11.4,2.4,富山市教育委員会2018,,,,体部：2字ナデ→口縁：横ナデ,口縁：横ナデ
,598,598,富山城跡（レガートスクエア）,Toyama,3SD54,,11.1,2.4,富山市教育委員会2018,TRUE,,,体部：2字ナデ→口縁：横ナデ,口縁：横ナデ
,599,599,富山城跡（レガートスクエア）,Toyama,3SD54,,12.9,2.4,富山市教育委員会2018,TRUE,,,,
,600,600,富山城跡（レガートスクエア）,Toyama,3SD54,,12.9,2.4,富山市教育委員会2018,TRUE,,,体部：2字ナデ→口縁：横ナデ,口縁：横ナデ
,601,601,富山城跡（レガートスクエア）,Toyama,3SD54,,12.3,,富山市教育委員会2018,,,,,
,602,602,富山城跡（レガートスクエア）,Toyama,3SD54,,13.8,2.4,富山市教育委員会2018,,,,見込：紐の圧痕、体部：2字ナデ→口縁：横ナデ,口縁：横ナデ
,603,603,富山城跡（レガートスクエア）,Toyama,3SD54,,14.1,,富山市教育委員会2018,,,,,
,604,604,富山城跡（レガートスクエア）,Toyama,3SD54,,13.5,,富山市教育委員会2018,,,,体部：ヨコナデ→口縁：横ナデ,口縁：横ナデ
,605,605,富山城跡（レガートスクエア）,Toyama,3SD54,,11.4,2.1,富山市教育委員会2018,TRUE,,,見込：一方向ナデ→体部：の字ナデ→口縁：横ナデ,口縁：横ナデ
,606,606,富山城跡（レガートスクエア）,Toyama,3SD54,,12.9,,富山市教育委員会2018,,,,,
,607,607,富山城跡（レガートスクエア）,Toyama,3SD54,,12.6,,富山市教育委員会2018,,,,,
,608,608,富山城跡（レガートスクエア）,Toyama,3SD54,,13.2,2.4,富山市教育委員会2018,TRUE,,,体部：2字ナデ→口縁：横ナデ,口縁：横ナデ
,609,609,富山城跡（レガートスクエア）,Toyama,3SD54,,11.4,,富山市教育委員会2018,,,,,
,610,610,富山城跡（レガートスクエア）,Toyama,3SD54,,11.1,2.4,富山市教育委員会2018,TRUE,,,体部：ヨコナデ→口縁：横ナデ,口縁：横ナデ
,611,611,富山城跡（レガートスクエア）,Toyama,3SD54,,12.6,,富山市教育委員会2018,,,,体部：ヨコナデ→口縁：横ナデ,口縁：横ナデ
,612,612,富山城跡（レガートスクエア）,Toyama,3SD54,,13.5,,富山市教育委員会2018,,,,体部：ヨコナデ→口縁：横ナデ,口縁：横ナデ
,613,613,富山城跡（レガートスクエア）,Toyama,3SD54,,13.8,,富山市教育委員会2018,,,,体部：ヨコナデ→口縁：横ナデ,口縁：横ナデ
,614,614,富山城跡（レガートスクエア）,Toyama,3SD54,,14.1,,富山市教育委員会2018,,,,体部：2字ナデ→口縁：横ナデ,口縁：横ナデ
,615,615,富山城跡（レガートスクエア）,Toyama,3SD54,,11.7,,富山市教育委員会2018,,,,体部：ヨコナデ→口縁：横ナデ,口縁：横ナデ
,616,616,富山城跡（レガートスクエア）,Toyama,3SD54,,12.9,2.1,富山市教育委員会2018,TRUE,,,体部：ヨコナデ→口縁：横ナデ,口縁：横ナデ
,617,617,富山城跡（レガートスクエア）,Toyama,3SD54,,13.2,2.4,富山市教育委員会2018,TRUE,,,体部：2字ナデ→口縁：横ナデ,口縁：横ナデ
,618,618,富山城跡（レガートスクエア）,Toyama,3SD54,,13.5,2.1,富山市教育委員会2018,TRUE,,,体部：2字ナデ→口縁：横ナデ,口縁：横ナデ
,619,619,富山城跡（レガートスクエア）,Toyama,3SD54,,11.7,2.4,富山市教育委員会2018,TRUE,,,体部：2字ナデ→口縁：横ナデ,口縁：横ナデ
,620,620,富山城跡（レガートスクエア）,Toyama,3SD54,,12.6,,富山市教育委員会2018,,,,体部：ヨコナデ→口縁：横ナデ,
,621,621,富山城跡（レガートスクエア）,Toyama,3SD54,,13.5,,富山市教育委員会2018,,,,体部：ヨコナデ→口縁：横ナデ,
,622,622,富山城跡（レガートスクエア）,Toyama,3SD54,,12.9,,富山市教育委員会2018,,,,調整不明瞭,
,623,623,富山城跡（レガートスクエア）,Toyama,3SD54,,12.9,,富山市教育委員会2018,,,,見込：一方向ナデ→体部：ヨコナデ→口縁：横ナデ,口縁：横ナデ
,624,624,富山城跡（レガートスクエア）,Toyama,3SD54,,13.5,2.4,富山市教育委員会2018,TRUE,,,見込：一方向ナデ（薄い）→体部：2字ナデ→口縁：横ナデ,口縁：横ナデ
,625,625,富山城跡（レガートスクエア）,Toyama,3SD54,,13.8,2.4,富山市教育委員会2018,TRUE,,,体部：2字ナデ→口縁：横ナデ,口縁：横ナデ
,626,626,富山城跡（レガートスクエア）,Toyama,3SD54,,13.5,2.7,富山市教育委員会2018,TRUE,,,見込：一方向ナデ（薄い）→体部：2字ナデ→口縁：横ナデ,口縁：横ナデ
,627,627,富山城跡（レガートスクエア）,Toyama,3SD54,,16.2,2.7,富山市教育委員会2018,TRUE,,,見込：一方向ナデ（薄い）→体部：2字ナデ→口縁：横ナデ,口縁：横ナデ
,628,628,富山城跡（レガートスクエア）,Toyama,3SD54,,11.4,2.1,富山市教育委員会2018,TRUE,,,体部：2字ナデ→口縁：横ナデ,口縁：横ナデ
,629,629,富山城跡（レガートスクエア）,Toyama,3SD54,,14.7,,富山市教育委員会2018,,,,,
,630,630,富山城跡（レガートスクエア）,Toyama,3SD54,,13.5,2.4,富山市教育委員会2018,TRUE,,,見込：一方向ナデ（薄い）→体部：2字ナデ→口縁：横ナデ,口縁：横ナデ
,631,631,富山城跡（レガートスクエア）,Toyama,3SD54,,13.5,,富山市教育委員会2018,,,,調整不明瞭,口縁：横ナデ
,632,632,富山城跡（レガートスクエア）,Toyama,3SD54,,13.5,2.1,富山市教育委員会2018,TRUE,,,体部：2字ナデ→口縁：横ナデ,口縁：横ナデ
,633,633,富山城跡（レガートスクエア）,Toyama,3SD54,,13.5,,富山市教育委員会2018,,,,体部：ヨコナデ→口縁：横ナデ,口縁：横ナデ
,634,634,富山城跡（レガートスクエア）,Toyama,3SD54,,12.9,,富山市教育委員会2018,,,,体部：ヨコナデ→口縁：横ナデ,口縁：横ナデ
,635,635,富山城跡（レガートスクエア）,Toyama,3SD54,,13.2,2.4,富山市教育委員会2018,TRUE,,,体部：2字ナデ→口縁：横ナデ,口縁：横ナデ
,636,636,富山城跡（レガートスクエア）,Toyama,3SD54,,11.7,2.1,富山市教育委員会2018,TRUE,,,見込：一方向ナデ→体部：ヨコナデ→口縁：横ナデ,口縁：横ナデ
,637,637,富山城跡（レガートスクエア）,Toyama,3SD54,,14.7,,富山市教育委員会2018,,,,体部：ヨコナデ→口縁：横ナデ,口縁：横ナデ
,638,638,富山城跡（レガートスクエア）,Toyama,3SD54,,13.2,1.8,富山市教育委員会2018,TRUE,,,体部：2字ナデ→口縁：横ナデ,口縁：横ナデ
,639,639,富山城跡（レガートスクエア）,Toyama,3SD54,,13.2,1.5,富山市教育委員会2018,TRUE,,,見込：一方向ナデ→体部：ヨコナデ→口縁：横ナデ,口縁：横ナデ
,640,640,富山城跡（レガートスクエア）,Toyama,3SD54,,13.8,2.1,富山市教育委員会2018,TRUE,,,調整不明瞭,口縁：横ナデ
,641,641,富山城跡（レガートスクエア）,Toyama,3SD54,,12.3,2.1,富山市教育委員会2018,TRUE,,,調整不明瞭,口縁：横ナデ
,642,642,富山城跡（レガートスクエア）,Toyama,3SD54,,12.6,,富山市教育委員会2018,,,,調整不明瞭,
,643,643,富山城跡（レガートスクエア）,Toyama,3SD54,,13.8,,富山市教育委員会2018,,,,体部：ヨコナデ→口縁：横ナデ,口縁：横ナデ
,644,644,富山城跡（レガートスクエア）,Toyama,3SD54,,15.9,,富山市教育委員会2018,,,,体部：2字ナデ→口縁：横ナデ,口縁：横ナデ
,645,645,富山城跡（レガートスクエア）,Toyama,3SD54,,16.5,,富山市教育委員会2018,,,,体部：ヨコナデ→口縁：横ナデ,口縁：横ナデ
,646,646,富山城跡（レガートスクエア）,Toyama,3SD54,,17.1,,富山市教育委員会2018,,,,調整不明瞭,
,647,647,富山城跡（レガートスクエア）,Toyama,3SD54,,16.5,2.7,富山市教育委員会2018,TRUE,,,見込：一方向ナデ（一部擦痕様ナデ）→体部：2字ナデ→口縁：横ナデ,口縁：横ナデ
,648,648,富山城跡（レガートスクエア）,Toyama,3SD54,,16.8,2.7,富山市教育委員会2018,TRUE,,,体部：ヨコナデ→口縁：横ナデ,口縁：横ナデ
,649,649,富山城跡（レガートスクエア）,Toyama,3SD54,,15.9,,富山市教育委員会2018,,,,体部：ヨコナデ→口縁：横ナデ,口縁：横ナデ
,650,650,富山城跡（レガートスクエア）,Toyama,3SD54,,15.6,3,富山市教育委員会2018,TRUE,,,見込：一方向ナデ→体部：2字ナデ→口縁：横ナデ,口縁：横ナデ
,651,651,富山城跡（レガートスクエア）,Toyama,3SD54,,15.3,2.7,富山市教育委員会2018,TRUE,,,見込：一方向ナデ（一部擦痕様ナデ）→体部：2字ナデ→口縁：横ナデ,口縁：横ナデ
,652,652,富山城跡（レガートスクエア）,Toyama,3SD54,,18.6,3.3,富山市教育委員会2018,TRUE,,,見込：一方向ナデ（一部擦痕様ナデ）→体部：2字ナデ・の字ナデ→口縁：横ナデ,口縁：横ナデ、底部：板目圧痕か
2089,TYa2079,2079,石名田木舟遺跡,Toyama,B2-SD2515,TK,8.8,2.3,（財）富山県文化振興財団2002,TRUE,,IS_B2_1期,体部：D字ナデ→見込：指ナデ、口縁：横ナデ,口縁：横ナデ
2090,TYa2080,2080,石名田木舟遺跡,Toyama,B2-SD2515,TK,8.8,2.2,（財）富山県文化振興財団2002,TRUE,,IS_B2_1期,体部：D字ナデ→見込：指ナデ、口縁：横ナデ,口縁：横ナデ
2091,TYa2081,2081,石名田木舟遺跡,Toyama,B2-SD2515,TK,9.2,2.4,（財）富山県文化振興財団2002,TRUE,,IS_B2_1期,体部：横ナデ（不明）→見込：一方向ナデ・指ナデ、口縁：横ナデ,口縁：横ナデ
2092,TYa2083,2083,石名田木舟遺跡,Toyama,B2-SD2515,TK,9.6,2.2,（財）富山県文化振興財団2002,TRUE,,IS_B2_1期,体部：横ナデ（不明）→見込：指ナデ、口縁：横ナデ,口縁：横ナデ
2093,TYa2084,2084,石名田木舟遺跡,Toyama,B2-SD2515,TK,9.3,2.6,（財）富山県文化振興財団2002,TRUE,,IS_B2_1期,不明,
2094,TYa2085,2085,石名田木舟遺跡,Toyama,B2-SD2515,TK,12.7,2.3,（財）富山県文化振興財団2002,TRUE,,IS_B2_1期,見込：一方向ナデ→体部：D字ナデ→口縁：横ナデ,口縁：横ナデ
2095,TYa2086,2086,石名田木舟遺跡,Toyama,B2-SD2515,TK,13.2,2.6,（財）富山県文化振興財団2002,TRUE,,IS_B2_1期,見込：一方向ナデ→体部：D字ナデ→口縁：横ナデ,口縁：横ナデ
2096,TYa2156,2156,石名田木舟遺跡,Toyama,B2-SD1972,TK,10.4,2.25,（財）富山県文化振興財団2002,TRUE,,IS_B2_2-3期,見込：一方向ナデ→体部：D字ナデ→口縁：横ナデ、見込：指ナデ,口縁：横ナデ
2097,TYa2164,2164,石名田木舟遺跡,Toyama,B2-SD1021,TK,10.3,2.2,（財）富山県文化振興財団2002,TRUE,,IS_B2_2-3期,見込：一方向ナデ・指ナデ→体部:D字ナデ→口縁：横ナデ,口縁：横ナデ
2098,TYa2169,2169,石名田木舟遺跡,Toyama,B2-SD1132,TK,9.3,2.1,（財）富山県文化振興財団2002,TRUE,,IS_B2_2-3期,体部：D字ナデ→見込：指ナデ、口縁：横ナデ,口縁：横ナデ
2099,TYa2172,2172,石名田木舟遺跡,Toyama,B2-SD1135,TK,9.9,2.1,（財）富山県文化振興財団2002,TRUE,,IS_B2_4期,見込：一方向ナデ→体部：D字ナデ→口縁：横ナデ,口縁：横ナデ
2100,TYa2176,2176,石名田木舟遺跡,Toyama,B2-SD1165,TK,10.4,2.3,（財）富山県文化振興財団2002,TRUE,,IS_B2_4期,不明,
2101,TYa2179,2179,石名田木舟遺跡,Toyama,B2-SD1168,TK,8.8,2.2,（財）富山県文化振興財団2002,TRUE,,IS_B2_2-3期,体部：D字ナデ→見込：指ナデ、口縁：横ナデ,口縁：横ナデ
2102,TYa2180,2180,石名田木舟遺跡,Toyama,B2-SD1168,TK,9.2,2.1,（財）富山県文化振興財団2002,TRUE,,IS_B2_2-3期,体部：D字ナデ、見込：指ナデ、口縁：横ナデ,口縁：横ナデ
2103,TYa2248,2248,石名田木舟遺跡,Toyama,B2-SD1278,TK,8.9,1.95,（財）富山県文化振興財団2002,TRUE,,IS_B2_2-3期,体部：D字ナデ、見込：指ナデ、口縁：横ナデ,口縁：横ナデ
2104,TYa2249,2249,石名田木舟遺跡,Toyama,B2-SD1278,TK,8.9,1.9,（財）富山県文化振興財団2002,TRUE,,IS_B2_2-3期,不明,
2105,TYa2251,2251,石名田木舟遺跡,Toyama,B2-SD1278,TK,20.9,3,（財）富山県文化振興財団2002,TRUE,,IS_B2_2-3期,見込：一方向ナデ・指ナデ→体部:D字ナデ→口縁：横ナデ,口縁：横ナデ
2106,TYa2286,2286,石名田木舟遺跡,Toyama,B2-SD1953,TI,8.6,2,（財）富山県文化振興財団2002,TRUE,,IS_B2_2-3期,見込：指ナデ、体部：横ナデ（不明）、口縁：横ナデ,口縁：横ナデ
2107,TYa2287,2287,石名田木舟遺跡,Toyama,B2-SD1953,TK,9,2.2,（財）富山県文化振興財団2002,TRUE,,IS_B2_2-3期,見込：一方向ナデ・指ナデ→体部:横ナデ（不明）→口縁：横ナデ,口縁：横ナデ
2108,TYa2288,2288,石名田木舟遺跡,Toyama,B2-SD1953,TK,9.9,2.3,（財）富山県文化振興財団2002,TRUE,,IS_B2_2-3期,見込：一方向ナデ→体部：D字ナデ→口縁：横ナデ,口縁：横ナデ
2109,TYa2289,2289,石名田木舟遺跡,Toyama,B2-SD1953,TK,10.6,2.3,（財）富山県文化振興財団2002,TRUE,,IS_B2_2-3期,不明,
,,2290,石名田木舟遺跡,Toyama,B2-SD1953,TK,,,（財）富山県文化振興財団2002,,,IS_B2_2-3期,見込：一方向ナデ→体部：D字ナデ→口縁：横ナデ,口縁：横ナデ
,,2291,石名田木舟遺跡,Toyama,B2-SD1953,TK,,,（財）富山県文化振興財団2002,,,IS_B2_2-3期,不明,
,,2324,石名田木舟遺跡,Toyama,B2-SD2020,TK,,,（財）富山県文化振興財団2002,,,IS_B2_2-3期,体部：D字ナデ、見込：指ナデ、口縁：横ナデ,口縁：横ナデ
,,2325,石名田木舟遺跡,Toyama,B2-SD2020,TI,,,（財）富山県文化振興財団2002,,,IS_B2_2-3期,不明,
,,2345,石名田木舟遺跡,Toyama,B2-SD2053,TK,,,（財）富山県文化振興財団2002,,,IS_B2_2-3期,体部：D字ナデ、見込：指ナデ、口縁：横ナデ,口縁：横ナデ
,,2354,石名田木舟遺跡,Toyama,C-SD3534,,,,（財）富山県文化振興財団2002,,,,不明,
,,2355,石名田木舟遺跡,Toyama,C-SD3534,TI,,,（財）富山県文化振興財団2002,,,,不明,
2110,TYa2356,2356,石名田木舟遺跡,Toyama,C-SD3535,TK,8,2.1,（財）富山県文化振興財団2002,TRUE,,IS_C_2期,不明,
2111,TYa2357,2357,石名田木舟遺跡,Toyama,C-SD3535,TK,9,2.2,（財）富山県文化振興財団2002,TRUE,,IS_C_2期,体部：D字ナデ、見込：不明、口縁：横ナデ,口縁：横ナデ
2112,TYa2358,2358,石名田木舟遺跡,Toyama,C-SD3535,TK,9.4,2.3,（財）富山県文化振興財団2002,TRUE,,IS_C_2期,見込：一方向ナデ・指ナデ→体部:D字ナデ→口縁：横ナデ,口縁：横ナデ
,,2359,石名田木舟遺跡,Toyama,C-SD3535,TI,,,（財）富山県文化振興財団2002,,,IS_C_2期,不明,
,,2361,石名田木舟遺跡,Toyama,C-SD3691,TI,,,（財）富山県文化振興財団2002,,,IS_C_2期,不明,
2113,TYa2362,2362,石名田木舟遺跡,Toyama,C-SD3691,TK,9.2,2.4,（財）富山県文化振興財団2002,TRUE,,IS_C_2期,体部：D字ナデ（ナデ抜ける）→見込：指ナデ、口縁：横ナデ,口縁：横ナデ
2114,TYa2363,2363,石名田木舟遺跡,Toyama,C-SD3691,TK,10.4,2.2,（財）富山県文化振興財団2002,TRUE,,IS_C_2期,見込：一方向ナデ・指ナデ→体部:D字ナデ→口縁：横ナデ,口縁：横ナデ
2115,TYa2364,2364,石名田木舟遺跡,Toyama,C-SD3691,TI,9,2.1,（財）富山県文化振興財団2002,TRUE,,IS_C_2期,体部：の字ナデ→見込：指ナデ、口縁：横ナデ,口縁：横ナデ
2116,TYa2365,2365,石名田木舟遺跡,Toyama,C-SD3691,TI,9.2,1.9,（財）富山県文化振興財団2002,TRUE,,IS_C_2期,体部：の字ナデ→見込：指ナデ、口縁：横ナデ,口縁：横ナデ
2117,TYa2366,2366,石名田木舟遺跡,Toyama,C-SD3691,TK,9.6,2.3,（財）富山県文化振興財団2002,TRUE,,IS_C_2期,体部：D字ナデ、見込：指ナデ、口縁：横ナデ,口縁：横ナデ
2118,TYa2380,2380,石名田木舟遺跡,Toyama,B2-SD1985,TK,8.9,2.3,（財）富山県文化振興財団2002,TRUE,,IS_B2_2-3期,見込：一方向ナデ・指ナデ→体部:D字ナデ→口縁：横ナデ,口縁：横ナデ
,,2438,石名田木舟遺跡,Toyama,B2-SE1450,TK,,,（財）富山県文化振興財団2002,,,,,
,,2473,石名田木舟遺跡,Toyama,B2-SK150,TK,,,（財）富山県文化振興財団2002,,,,,
,,2475,石名田木舟遺跡,Toyama,B2-SK151,TK,,,（財）富山県文化振興財団2002,,,,,
,,2477,石名田木舟遺跡,Toyama,B2-SK226,,,,（財）富山県文化振興財団2002,,,,,
,,2479,石名田木舟遺跡,Toyama,B2-SK613,TK,,,（財）富山県文化振興財団2002,,,,,
,,2483,石名田木舟遺跡,Toyama,B2-SK647,TK,,,（財）富山県文化振興財団2002,,,,,
,,2484,石名田木舟遺跡,Toyama,B2-SK661,TK,,,（財）富山県文化振興財団2002,,,,,
,,2486,石名田木舟遺跡,Toyama,B2-SK671,TK,,,（財）富山県文化振興財団2002,,,,,
,,2490,石名田木舟遺跡,Toyama,B2-SK775,TK,,,（財）富山県文化振興財団2002,,,,,
,,2491,石名田木舟遺跡,Toyama,B2-SK806,TK,,,（財）富山県文化振興財団2002,,,,,
,,2493,石名田木舟遺跡,Toyama,B2-SK850,TK,,,（財）富山県文化振興財団2002,,,,,
,,2503,石名田木舟遺跡,Toyama,B2-SK2456,TK,,,（財）富山県文化振興財団2002,,,,,
2119,TYa2515,2515,石名田木舟遺跡,Toyama,B2-SK1843,TK,8.5,2,（財）富山県文化振興財団2002,TRUE,,IS_B2_2-3期,見込：一方向ナデ・指ナデ、体部：横ナデ（不明）、口縁：横ナデ,口縁：横ナデ
,,2568,石名田木舟遺跡,Toyama,B2-SK1963,TI?,,,（財）富山県文化振興財団2002,,,,,
,,2581,石名田木舟遺跡,Toyama,B2-SK2027,TK,,,（財）富山県文化振興財団2002,,,,,
,,2599,石名田木舟遺跡,Toyama,B2-SK2572,TK,,,（財）富山県文化振興財団2002,,,,,
,,2614,石名田木舟遺跡,Toyama,B2-SK1138,TK,,,（財）富山県文化振興財団2002,,,,,
,,2619,石名田木舟遺跡,Toyama,B2-SK1172,TK,,,（財）富山県文化振興財団2002,,,,,
,,2652,石名田木舟遺跡,Toyama,B2-SK1353,TK,,,（財）富山県文化振興財団2002,,,,,
2120,TYa2676,2676,石名田木舟遺跡,Toyama,B2-SK1441,TK,8.7,2.1,（財）富山県文化振興財団2002,TRUE,,IS_B2_2-3期,見込：一方向ナデ・指ナデ、体部：D字ナデ、口縁：横ナデ,口縁：横ナデ
2121,TYa2677,2677,石名田木舟遺跡,Toyama,B2-SK1441,TK,9.2,2.2,（財）富山県文化振興財団2002,TRUE,,IS_B2_2-3期,見込：一方向ナデ・指ナデ、体部：D字ナデ、口縁：横ナデ,口縁：横ナデ
2122,TYa2678,2678,石名田木舟遺跡,Toyama,B2-SK1441,TK,12.2,2.2,（財）富山県文化振興財団2002,TRUE,,IS_B2_2-3期,見込：一方向ナデ、体部：D字ナデ、口縁：横ナデ,口縁：横ナデ
,,2680,石名田木舟遺跡,Toyama,B2-SK1469,TK,,,（財）富山県文化振興財団2002,,,,見込：一方向ナデ→体部：D字ナデ→口縁：横ナデ、見込：指ナデ,口縁：横ナデ
,,2681,石名田木舟遺跡,Toyama,B2-SK1568,TK,,,（財）富山県文化振興財団2002,,,,,
2123,TYa2684,2684,石名田木舟遺跡,Toyama,B2-SK1477,TK,13.4,2.1,（財）富山県文化振興財団2002,TRUE,,IS_B2_2-3期,見込：一方向ナデ・指ナデ、体部：D字ナデ、口縁：横ナデ,口縁：横ナデ
,,2685,石名田木舟遺跡,Toyama,B2-SK1477,TK,,,（財）富山県文化振興財団2002,,,IS_B2_2-3期,見込：一方向ナデ、体部：横ナデ、口縁：横ナデ,口縁：横ナデ
2275,TYa2700,2700,石名田木舟遺跡,Toyama,B2-SK1700,TK,8.6,2.1,（財）富山県文化振興財団2002,TRUE,,IS_B2_2-3期,体部：D字ナデ→見込：指ナデ、口縁：横ナデ,口縁：横ナデ
2276,TYa2703,2703,石名田木舟遺跡,Toyama,B2-SK1723,TI,14.9,2.5,（財）富山県文化振興財団2002,TRUE,,,見込：一方向ナデ→体部：横ナデ→口縁：横ナデ,口縁：横ナデ
2277,TYa2719,2719,石名田木舟遺跡,Toyama,B2-SK2037,TK,9.1,2.2,（財）富山県文化振興財団2002,TRUE,,IS_B2_2-3期,見込：一方向ナデ・指ナデ、体部：横ナデ（不明）、口縁：横ナデ,口縁：横ナデ
2278,TYa2737,2737,石名田木舟遺跡,Toyama,B2-SK2098,TK,12.9,2.2,（財）富山県文化振興財団2002,TRUE,,IS_B2_2-3期,見込：一方向ナデ→体部：D字ナデ→口縁：横ナデ、見込：指ナデ,口縁：横ナデ
,,2738,石名田木舟遺跡,Toyama,B2-SK2124,TK,9.4,,（財）富山県文化振興財団2002,,,IS_B2_2-3期,体部：D字ナデ→見込：指ナデ、口縁：横ナデ,口縁：横ナデ
2279,TYa2741,2741,石名田木舟遺跡,Toyama,B2-SK2238,TK,10,2.3,（財）富山県文化振興財団2002,TRUE,,IS_B2_2-3期,見込：一方向ナデ・指ナデ、体部：D字ナデ、口縁：横ナデ,口縁：横ナデ
,,2759,石名田木舟遺跡,Toyama,B2-SK3689,TK,8.2,,（財）富山県文化振興財団2002,,,,体部：D字ナデ→見込：指ナデ、口縁：横ナデ,口縁：横ナデ
2280,TYa2762,2762,石名田木舟遺跡,Toyama,B2-SK3705,TK,8.8,2,（財）富山県文化振興財団2002,TRUE,,,見込：一方向ナデ・指ナデ、体部：D字ナデ、口縁：横ナデ,口縁：横ナデ
2281,TYa2763,2763,石名田木舟遺跡,Toyama,B2-SK3706,TK,9,1.5,（財）富山県文化振興財団2002,TRUE,,,体部：横ナデ（不明）→見込：指ナデ、口縁：横ナデ,口縁：横ナデ
2124,TYa2866,2866,石名田木舟遺跡,Toyama,B2-包含層,TK,7.9,1.9,（財）富山県文化振興財団2002,TRUE,,IS_B2_4期,未確認,
2125,TYa2867,2867,石名田木舟遺跡,Toyama,B2-包含層,TK,8.7,1.8,（財）富山県文化振興財団2002,TRUE,,IS_B2_4期,未確認,
2126,TYa2868,2868,石名田木舟遺跡,Toyama,B2-包含層,TK,9.1,2.3,（財）富山県文化振興財団2002,TRUE,,,未確認,
2127,TYa2869,2869,石名田木舟遺跡,Toyama,B2-包含層,TK,8.9,2,（財）富山県文化振興財団2002,TRUE,,IS_B2_4期,未確認,
2128,TYa2870,2870,石名田木舟遺跡,Toyama,B2-包含層,TK,8.9,2,（財）富山県文化振興財団2002,TRUE,,IS_B2_4期,未確認,
2129,TYa2872,2872,石名田木舟遺跡,Toyama,B2-包含層,TK,8.9,2.2,（財）富山県文化振興財団2002,TRUE,,IS_B2_4期,未確認,
2130,TYa2874,2874,石名田木舟遺跡,Toyama,B2-包含層,TK,9,2.3,（財）富山県文化振興財団2002,TRUE,,IS_B2_4期,未確認,
2131,TYa2875,2875,石名田木舟遺跡,Toyama,B2-包含層,TK,9,2.3,（財）富山県文化振興財団2002,TRUE,,,未確認,
2132,TYa2876,2876,石名田木舟遺跡,Toyama,B2-包含層,TK,9,2,（財）富山県文化振興財団2002,TRUE,,,未確認,
2133,TYa2878,2878,石名田木舟遺跡,Toyama,B2-包含層,TK,9.1,2.2,（財）富山県文化振興財団2002,TRUE,,IS_B2_4期,未確認,
2134,TYa2881,2881,石名田木舟遺跡,Toyama,B2-包含層,TK,9.5,2.2,（財）富山県文化振興財団2002,TRUE,,,未確認,
2135,TYa2882,2882,石名田木舟遺跡,Toyama,B2-包含層,TK,9.4,2.7,（財）富山県文化振興財団2002,TRUE,,,未確認,
2136,TYa2883,2883,石名田木舟遺跡,Toyama,B2-包含層,TK,9.4,1.8,（財）富山県文化振興財団2002,TRUE,,,未確認,
2137,TYa2885,2885,石名田木舟遺跡,Toyama,B2-包含層,TK,9.8,2.3,（財）富山県文化振興財団2002,TRUE,,IS_B2_4期,未確認,
2138,TYa2886,2886,石名田木舟遺跡,Toyama,B2-包含層,TK,9.9,2,（財）富山県文化振興財団2002,TRUE,,,未確認,
2139,TYa2887,2887,石名田木舟遺跡,Toyama,B2-包含層,TK,9.9,1.7,（財）富山県文化振興財団2002,TRUE,,,未確認,
2140,TYa2890,2890,石名田木舟遺跡,Toyama,B2-包含層,TK,9.8,2.4,（財）富山県文化振興財団2002,TRUE,,IS_B2_4期,未確認,
2141,TYa2894,2894,石名田木舟遺跡,Toyama,B2-包含層,TK,9.8,2.1,（財）富山県文化振興財団2002,TRUE,,IS_B2_4期,未確認,
2142,TYa2896,2896,石名田木舟遺跡,Toyama,B2-包含層,TK,10.4,2.5,（財）富山県文化振興財団2002,TRUE,,IS_B2_4期,未確認,
2143,TYa2897,2897,石名田木舟遺跡,Toyama,B2-包含層,TK,10.3,2.5,（財）富山県文化振興財団2002,TRUE,,IS_B2_4期,未確認,
2144,TYa2898,2898,石名田木舟遺跡,Toyama,B2-包含層,TK,10.3,2.4,（財）富山県文化振興財団2002,TRUE,,,未確認,
2145,TYa2901,2901,石名田木舟遺跡,Toyama,B2-包含層,TK,11,2.2,（財）富山県文化振興財団2002,TRUE,,IS_B2_4期,未確認,
2146,TYa2903,2903,石名田木舟遺跡,Toyama,B2-包含層,TK,11.6,2.3,（財）富山県文化振興財団2002,TRUE,,IS_B2_4期,未確認,
2147,TYa2906,2906,石名田木舟遺跡,Toyama,B2-包含層,TK,11.8,2.4,（財）富山県文化振興財団2002,TRUE,,IS_B2_4期,未確認,
2148,TYa2908,2908,石名田木舟遺跡,Toyama,B2-包含層,TK,11.9,1.8,（財）富山県文化振興財団2002,TRUE,,,未確認,
2149,TYa2910,2910,石名田木舟遺跡,Toyama,B2-包含層,TK,12.4,2.2,（財）富山県文化振興財団2002,TRUE,,,未確認,
2150,TYa2913,2913,石名田木舟遺跡,Toyama,B2-包含層,TK,13,2.5,（財）富山県文化振興財団2002,TRUE,,,未確認,
,4428,4428,石名田木舟遺跡,Toyama,SD7003,,7.2,2.6,（財）富山県文化振興財団2002,,,,,
,4429,4429,石名田木舟遺跡,Toyama,SD7003,,9.4,2.1,（財）富山県文化振興財団2002,,,,,
,4430,4430,石名田木舟遺跡,Toyama,SD7003,,11.3,1.8,（財）富山県文化振興財団2002,,,,,
,4431,4431,石名田木舟遺跡,Toyama,SD7003,,7.2,2,（財）富山県文化振興財団2002,,,,,
,4432,4432,石名田木舟遺跡,Toyama,SD7003,,7.4,1.7,（財）富山県文化振興財団2002,,,,,
,4433,4433,石名田木舟遺跡,Toyama,SD7003,,7.9,1.7,（財）富山県文化振興財団2002,,,,,
,4434,4434,石名田木舟遺跡,Toyama,SD7003,,8.4,2.2,（財）富山県文化振興財団2002,,,,,
,4435,4435,石名田木舟遺跡,Toyama,SD7003,,8.8,1.9,（財）富山県文化振興財団2002,,,,,
,4436,4436,石名田木舟遺跡,Toyama,SD7003,,8,1.3,（財）富山県文化振興財団2002,,,,,
,4437,4437,石名田木舟遺跡,Toyama,SD7003,,8.8,1.6,（財）富山県文化振興財団2002,,,,,
,4438,4438,石名田木舟遺跡,Toyama,SD7003,,8,1.75,（財）富山県文化振興財団2002,,,,,
,4439,4439,石名田木舟遺跡,Toyama,SD7003,,7.6,1.9,（財）富山県文化振興財団2002,,,,,
,4440,4440,石名田木舟遺跡,Toyama,SD7003,,8.1,1.9,（財）富山県文化振興財団2002,,,,,
,4441,4441,石名田木舟遺跡,Toyama,SD7003,,8,1.8,（財）富山県文化振興財団2002,,,,,
,4442,4442,石名田木舟遺跡,Toyama,SD7003,,7.6,1.9,（財）富山県文化振興財団2002,,,,,
,4443,4443,石名田木舟遺跡,Toyama,SD7003,,8.1,1.8,（財）富山県文化振興財団2002,,,,,
,4444,4444,石名田木舟遺跡,Toyama,SD7003,,8.1,2.1,（財）富山県文化振興財団2002,,,,,
,4445,4445,石名田木舟遺跡,Toyama,SD7003,,8.7,2.2,（財）富山県文化振興財団2002,,,,,
,4446,4446,石名田木舟遺跡,Toyama,SD7003,,7.9,1.8,（財）富山県文化振興財団2002,,,,,
,4447,4447,石名田木舟遺跡,Toyama,SD7003,TI,8.5,1.8,（財）富山県文化振興財団2002,TRUE,,,体部：の字ナデ→見込：指ナデ→口縁：横ナデ,口縁：横ナデ
,4448,4448,石名田木舟遺跡,Toyama,SD7003,TI,8.8,1.7,（財）富山県文化振興財団2002,TRUE,,,不明,口縁：横ナデ
,4449,4449,石名田木舟遺跡,Toyama,SD7003,TI,8.4,1.8,（財）富山県文化振興財団2002,TRUE,,,体部：の字ナデ→見込：指ナデ→口縁：横ナデ,口縁：横ナデ
,4450,4450,石名田木舟遺跡,Toyama,SD7003,TI,9,1.8,（財）富山県文化振興財団2002,TRUE,,,見込：一方向ナデ→体部：不明→口縁：横ナデ,口縁：横ナデ
,4451,4451,石名田木舟遺跡,Toyama,SD7003,TI,8.6,1.9,（財）富山県文化振興財団2002,TRUE,,,体部：の字ナデ→見込：指ナデ→口縁：横ナデ,口縁：横ナデ
,4452,4452,石名田木舟遺跡,Toyama,SD7003,TI,8.4,1.7,（財）富山県文化振興財団2002,TRUE,,,体部：横ナデ（不明）→見込：指ナデ→口縁：横ナデ,口縁：横ナデ
,4453,4453,石名田木舟遺跡,Toyama,SD7003,TI,8.6,1.8,（財）富山県文化振興財団2002,TRUE,,,体部：の字ナデ→見込：指ナデ→口縁：横ナデ,口縁：横ナデ
,4454,4454,石名田木舟遺跡,Toyama,SD7003,TI,9.1,2,（財）富山県文化振興財団2002,TRUE,,,体部：の字ナデ→見込：指ナデ→口縁：横ナデ,口縁：横ナデ
,4455,4455,石名田木舟遺跡,Toyama,SD7003,TI,9.4,2.1,（財）富山県文化振興財団2002,TRUE,,,体部：の字ナデ→見込：指ナデ→口縁：横ナデ,口縁：横ナデ
,4456,4456,石名田木舟遺跡,Toyama,SD7003,TI,9.3,1.8,（財）富山県文化振興財団2002,TRUE,,,体部：横ナデ（不明）→見込：指ナデ→口縁：横ナデ,口縁：横ナデ
,4457,4457,石名田木舟遺跡,Toyama,SD7003,TI,9.4,1.9,（財）富山県文化振興財団2002,TRUE,,,体部：不明→見込：不明→口縁：不明,口縁：横ナデ
,4458,4458,石名田木舟遺跡,Toyama,SD7003,TI,9,2,（財）富山県文化振興財団2002,TRUE,,,体部：横ナデ（不明）→見込：指ナデ→口縁：横ナデ,口縁：横ナデ
,4459,4459,石名田木舟遺跡,Toyama,SD7003,TI,8.2,1.8,（財）富山県文化振興財団2002,TRUE,,,体部：の字ナデ→見込：指ナデ→口縁：横ナデ,口縁：横ナデ
,4460,4460,石名田木舟遺跡,Toyama,SD7003,TI,8.2,1.8,（財）富山県文化振興財団2002,TRUE,,,見込：指ナデ→体部：の字ナデ→口縁：横ナデ,口縁：横ナデ
,4461,4461,石名田木舟遺跡,Toyama,SD7003,TI,8.45,1.9,（財）富山県文化振興財団2002,TRUE,,,体部：横ナデ（不明）→見込：指ナデ→口縁：横ナデ,口縁：横ナデ
,4462,4462,石名田木舟遺跡,Toyama,SD7003,TI,8.5,1.9,（財）富山県文化振興財団2002,TRUE,,,体部：の字ナデ→見込：指ナデ→口縁：横ナデ,口縁：横ナデ
,4463,4463,石名田木舟遺跡,Toyama,SD7003,TI,8.5,1.85,（財）富山県文化振興財団2002,TRUE,,,体部：横ナデ（不明）→見込：指ナデ→口縁：横ナデ,口縁：横ナデ
,4464,4464,石名田木舟遺跡,Toyama,SD7003,TI,8.5,1.8,（財）富山県文化振興財団2002,TRUE,,,体部：の字ナデ→見込：指ナデ→口縁：横ナデ,口縁：横ナデ
,4465,4465,石名田木舟遺跡,Toyama,SD7003,TI,8.5,1.8,（財）富山県文化振興財団2002,TRUE,,,体部：の字ナデ→見込：指ナデ→口縁：横ナデ,口縁：横ナデ
,4466,4466,石名田木舟遺跡,Toyama,SD7003,TI,8.6,1.8,（財）富山県文化振興財団2002,TRUE,,,体部：横ナデ（不明）→見込：指ナデ→口縁：横ナデ,口縁：横ナデ
,4467,4467,石名田木舟遺跡,Toyama,SD7003,TI,9,1.9,（財）富山県文化振興財団2002,TRUE,,,体部：横ナデ（不明）→見込：指ナデ→口縁：横ナデ,口縁：横ナデ
,4468,4468,石名田木舟遺跡,Toyama,SD7003,TI,8.6,1.7,（財）富山県文化振興財団2002,TRUE,,,体部：横ナデ（不明）→見込：指ナデ→口縁：横ナデ,口縁：横ナデ
,4469,4469,石名田木舟遺跡,Toyama,SD7003,TI,8.35,1.9,（財）富山県文化振興財団2002,TRUE,,,体部：横ナデ（不明）→見込：指ナデ→口縁：横ナデ,口縁：横ナデ
,4470,4470,石名田木舟遺跡,Toyama,SD7003,TI,8.7,1.8,（財）富山県文化振興財団2002,TRUE,,,体部：横ナデ（不明）→見込：指ナデ→口縁：横ナデ,口縁：横ナデ
,4471,4471,石名田木舟遺跡,Toyama,SD7003,TI,8.5,2,（財）富山県文化振興財団2002,TRUE,,,体部：の字ナデ→見込：指ナデ→口縁：横ナデ,口縁：横ナデ
,4472,4472,石名田木舟遺跡,Toyama,SD7003,TI,9.2,1.85,（財）富山県文化振興財団2002,TRUE,,,体部：の字ナデ→見込：指ナデ→口縁：横ナデ,口縁：横ナデ
,4473,4473,石名田木舟遺跡,Toyama,SD7003,TI,8.5,1.9,（財）富山県文化振興財団2002,TRUE,,,体部：横ナデ（不明）→見込：指ナデ→口縁：横ナデ,口縁：横ナデ
,4474,4474,石名田木舟遺跡,Toyama,SD7003,TI,8.3,2,（財）富山県文化振興財団2002,TRUE,,,体部：横ナデ（不明）→見込：不明→口縁：横ナデ,口縁：横ナデ
,4475,4475,石名田木舟遺跡,Toyama,SD7003,TI,8.5,1.9,（財）富山県文化振興財団2002,TRUE,,,体部：の字ナデ→見込：指ナデ→口縁：横ナデ,口縁：横ナデ
,4476,4476,石名田木舟遺跡,Toyama,SD7003,TI,8.3,2,（財）富山県文化振興財団2002,TRUE,,,体部：横ナデ（不明）→見込：指ナデ→口縁：横ナデ,口縁：横ナデ
,4477,4477,石名田木舟遺跡,Toyama,SD7003,TI,8.7,1.8,（財）富山県文化振興財団2002,TRUE,,,体部：横ナデ（不明）→見込：指ナデ→口縁：横ナデ,口縁：横ナデ
,4478,4478,石名田木舟遺跡,Toyama,SD7003,TI,8.6,1.7,（財）富山県文化振興財団2002,TRUE,,,体部：横ナデ（不明）→見込：指ナデ→口縁：横ナデ,口縁：横ナデ
,4479,4479,石名田木舟遺跡,Toyama,SD7003,TI,8.8,1.9,（財）富山県文化振興財団2002,TRUE,,,体部：の字ナデ→見込：指ナデ→口縁：横ナデ,口縁：横ナデ
,4480,4480,石名田木舟遺跡,Toyama,SD7003,,8.9,1.9,（財）富山県文化振興財団2002,,,,体部：横ナデ（不明）→見込：不明→口縁：横ナデ,口縁：横ナデ
,4481,4481,石名田木舟遺跡,Toyama,SD7003,,8.6,,（財）富山県文化振興財団2002,,,,体部：2字ナデ（？）→見込：不明→口縁：横ナデ,口縁：横ナデ
,4482,4482,石名田木舟遺跡,Toyama,SD7003,TI,8.4,1.9,（財）富山県文化振興財団2002,TRUE,,,体部：横ナデ（不明）→見込：指ナデ→口縁：横ナデ,口縁：横ナデ
,4483,4483,石名田木舟遺跡,Toyama,SD7003,TI,8.8,1.8,（財）富山県文化振興財団2002,TRUE,,,体部：2字ナデ（？）→見込：指ナデ→口縁：横ナデ,口縁：横ナデ
,4484,4484,石名田木舟遺跡,Toyama,SD7003,TI,8.7,1.9,（財）富山県文化振興財団2002,TRUE,,,体部：横ナデ（不明）→見込：指ナデ→口縁：横ナデ,口縁：横ナデ
,4485,4485,石名田木舟遺跡,Toyama,SD7003,TI,8.4,1.6,（財）富山県文化振興財団2002,TRUE,,,体部：横ナデ（不明）→見込：不明→口縁：横ナデ,口縁：横ナデ
,4486,4486,石名田木舟遺跡,Toyama,SD7003,TI,8.8,1.8,（財）富山県文化振興財団2002,TRUE,,,体部：横ナデ（不明）→見込：指ナデ→口縁：横ナデ,口縁：横ナデ
,4487,4487,石名田木舟遺跡,Toyama,SD7003,TI,8.3,1.6,（財）富山県文化振興財団2002,TRUE,,,体部：の字ナデ→見込：指ナデ→口縁：横ナデ,口縁：横ナデ
,4488,4488,石名田木舟遺跡,Toyama,SD7003,,9.3,1.85,（財）富山県文化振興財団2002,,,,体部：横ナデ（不明）→見込：指ナデ→口縁：横ナデ,口縁：横ナデ
,4489,4489,石名田木舟遺跡,Toyama,SD7003,,8.6,1.8,（財）富山県文化振興財団2002,,,,体部：の字ナデ→見込：指ナデ→口縁：横ナデ,口縁：横ナデ
,4490,4490,石名田木舟遺跡,Toyama,SD7003,TI,8.5,1.9,（財）富山県文化振興財団2002,TRUE,,,体部：横ナデ（不明）→見込：指ナデ→口縁：横ナデ,口縁：横ナデ
,4491,4491,石名田木舟遺跡,Toyama,SD7003,TI,8.5,1.6,（財）富山県文化振興財団2002,TRUE,,,体部：2字ナデ（？）→見込：指ナデ→口縁：横ナデ,口縁：横ナデ
,4492,4492,石名田木舟遺跡,Toyama,SD7003,TI,9.1,1.9,（財）富山県文化振興財団2002,TRUE,,,体部：の字ナデ→見込：指ナデ→口縁：横ナデ,口縁：横ナデ
,4493,4493,石名田木舟遺跡,Toyama,SD7003,TI,9,2.1,（財）富山県文化振興財団2002,TRUE,,,体部：横ナデ（不明）→見込：指ナデ→口縁：横ナデ,口縁：横ナデ
,4494,4494,石名田木舟遺跡,Toyama,SD7003,TI,8.7,1.9,（財）富山県文化振興財団2002,TRUE,,,体部：横ナデ（不明）→見込：指ナデ→口縁：横ナデ,口縁：横ナデ
,4495,4495,石名田木舟遺跡,Toyama,SD7003,TI,9.1,2,（財）富山県文化振興財団2002,TRUE,,,見込：一方向ナデ→体部：の字ナデ→口縁：横ナデ,口縁：横ナデ
,4496,4496,石名田木舟遺跡,Toyama,SD7003,TI,8.4,2.01,（財）富山県文化振興財団2002,TRUE,,,体部：2字ナデ（？）→見込：指ナデ→口縁：横ナデ,口縁：横ナデ
,4497,4497,石名田木舟遺跡,Toyama,SD7003,TI,8.9,1.9,（財）富山県文化振興財団2002,TRUE,,,体部：横ナデ（不明）→見込：不明→口縁：横ナデ,口縁：横ナデ
,4498,4498,石名田木舟遺跡,Toyama,SD7003,TI,8,1.9,（財）富山県文化振興財団2002,TRUE,,,見込：なし→体部：横ナデ（不明）→口縁：横ナデ,口縁：横ナデ
,4499,4499,石名田木舟遺跡,Toyama,SD7003,TI,8,1.7,（財）富山県文化振興財団2002,TRUE,,,体部：横ナデ（不明）→見込：指ナデ→口縁：横ナデ,口縁：横ナデ
,4500,4500,石名田木舟遺跡,Toyama,SD7003,,8.6,1.7,（財）富山県文化振興財団2002,,,,体部：横ナデ（不明）→見込：指ナデ→口縁：横ナデ,
,4501,4501,石名田木舟遺跡,Toyama,SD7003,TI,8.6,2,（財）富山県文化振興財団2002,TRUE,,,体部：の字ナデ→見込：指ナデ→口縁：横ナデ,口縁：横ナデ
,4502,4502,石名田木舟遺跡,Toyama,SD7003,TI,8.9,1.7,（財）富山県文化振興財団2002,TRUE,,,体部：の字ナデ→見込：指ナデ→口縁：横ナデ,口縁：横ナデ
,4503,4503,石名田木舟遺跡,Toyama,SD7003,TI,8.6,1.8,（財）富山県文化振興財団2002,TRUE,,,体部：の字ナデ→見込：指ナデ→口縁：横ナデ,口縁：横ナデ
,4504,4504,石名田木舟遺跡,Toyama,SD7003,TI,11.2,2.25,（財）富山県文化振興財団2002,TRUE,,,見込：一方向ナデ→体部：横ナデ（不明）→口縁：横ナデ,口縁：横ナデ
,4505,4505,石名田木舟遺跡,Toyama,SD7003,TI,11.4,2.1,（財）富山県文化振興財団2002,TRUE,,,見込：一方向ナデ→体部：2字ナデ→口縁：横ナデ,口縁：横ナデ
,4506,4506,石名田木舟遺跡,Toyama,SD7003,TI,11.2,1.95,（財）富山県文化振興財団2002,TRUE,,,見込：なし→体部：横ナデ（不明）→口縁：横ナデ,口縁：横ナデ
,4507,4507,石名田木舟遺跡,Toyama,SD7003,TI,11,2.1,（財）富山県文化振興財団2002,TRUE,,,見込：なし→体部：横ナデ（不明）→口縁：横ナデ,口縁：横ナデ
,4508,4508,石名田木舟遺跡,Toyama,SD7003,TI,11,2.2,（財）富山県文化振興財団2002,TRUE,,,見込：一方向ナデ→体部：2字ナデ→口縁：横ナデ,口縁：横ナデ
,4509,4509,石名田木舟遺跡,Toyama,SD7003,TI,11.4,1.9,（財）富山県文化振興財団2002,TRUE,,,見込：なし→体部：横ナデ（不明）→口縁：横ナデ,口縁：横ナデ
,4510,4510,石名田木舟遺跡,Toyama,SD7003,TI,11.4,2,（財）富山県文化振興財団2002,TRUE,,,見込：なし→体部：横ナデ（不明）→口縁：横ナデ,口縁：横ナデ
,4511,4511,石名田木舟遺跡,Toyama,SD7003,TI,11.7,2.1,（財）富山県文化振興財団2002,TRUE,,,見込：なし→体部：2字ナデ→口縁：横ナデ,口縁：横ナデ
,4512,4512,石名田木舟遺跡,Toyama,SD7003,TI,11.7,2.1,（財）富山県文化振興財団2002,TRUE,,,見込：一方向ナデ→体部：2字ナデ（？）→口縁：横ナデ,口縁：横ナデ
,4513,4513,石名田木舟遺跡,Toyama,SD7003,TI,11.2,2.2,（財）富山県文化振興財団2002,TRUE,,,見込：一方向ナデ→体部：横ナデ（不明）→口縁：横ナデ,口縁：横ナデ
,4514,4514,石名田木舟遺跡,Toyama,SD7003,TI,11.2,2.1,（財）富山県文化振興財団2002,TRUE,,,見込：一方向ナデ→体部：2字ナデ（？）→口縁：横ナデ,口縁：横ナデ
,4515,4515,石名田木舟遺跡,Toyama,SD7003,TI,11,2.2,（財）富山県文化振興財団2002,TRUE,,,見込：一方向ナデ→体部：横ナデ（不明）→口縁：横ナデ,口縁：横ナデ
,4516,4516,石名田木舟遺跡,Toyama,SD7003,TI,11.2,2.1,（財）富山県文化振興財団2002,TRUE,,,見込：一方向ナデ→体部：2字ナデ→口縁：横ナデ,口縁：横ナデ
,4517,4517,石名田木舟遺跡,Toyama,SD7003,TI,10.8,2.2,（財）富山県文化振興財団2002,TRUE,,,見込：一方向ナデ→体部：2字ナデ（？）→口縁：横ナデ,口縁：横ナデ
,4518,4518,石名田木舟遺跡,Toyama,SD7003,TI,11.5,2,（財）富山県文化振興財団2002,TRUE,,,見込：一方向ナデ→体部：2字ナデ→口縁：横ナデ,口縁：横ナデ
,4519,4519,石名田木舟遺跡,Toyama,SD7003,,11.8,,（財）富山県文化振興財団2002,,,,,口縁：横ナデ
,4520,4520,石名田木舟遺跡,Toyama,SD7003,TI,11.6,2.1,（財）富山県文化振興財団2002,TRUE,,,見込：一方向ナデ→体部：2字ナデ→口縁：横ナデ,口縁：横ナデ
,4521,4521,石名田木舟遺跡,Toyama,SD7003,TI,12.3,1.9,（財）富山県文化振興財団2002,TRUE,,,見込：一方向ナデ→体部：2字ナデ→口縁：横ナデ,口縁：横ナデ
,4522,4522,石名田木舟遺跡,Toyama,SD7003,TI,12.4,2.2,（財）富山県文化振興財団2002,TRUE,,,見込：一方向ナデ→体部：2字ナデ→口縁：横ナデ,口縁：横ナデ
,4523,4523,石名田木舟遺跡,Toyama,SD7003,TI,13.4,2.15,（財）富山県文化振興財団2002,TRUE,,,見込：一方向ナデ→体部：不明→口縁：横ナデ,口縁：横ナデ
,4524,4524,石名田木舟遺跡,Toyama,SD7003,TI,13.8,2,（財）富山県文化振興財団2002,TRUE,,,見込：一方向ナデ→体部：不明→口縁：横ナデ,口縁：横ナデ
,4525,4525,石名田木舟遺跡,Toyama,SD7003,,13.8,2,（財）富山県文化振興財団2002,,,,見込：一方向ナデ→体部：不明→口縁：横ナデ,口縁：横ナデ
,4526,4526,石名田木舟遺跡,Toyama,SD7003,,13.6,2.1,（財）富山県文化振興財団2002,,,,見込：一方向ナデ→体部：不明→口縁：横ナデ,口縁：横ナデ
,4527,4527,石名田木舟遺跡,Toyama,SD7003,TI,14.2,1.95,（財）富山県文化振興財団2002,TRUE,,,見込：一方向ナデ→体部：不明→口縁：横ナデ,口縁：横ナデ
,4528,4528,石名田木舟遺跡,Toyama,SD7003,TI,14.5,2.2,（財）富山県文化振興財団2002,TRUE,,,見込：一方向ナデ→体部：不明→口縁：横ナデ,口縁：横ナデ
,4529,4529,石名田木舟遺跡,Toyama,SD7003,TI,14,2.4,（財）富山県文化振興財団2002,TRUE,,,見込：一方向ナデ→体部：2字ナデ→口縁：横ナデ,口縁：横ナデ
,4530,4530,石名田木舟遺跡,Toyama,SD7003,TI,13.8,2.2,（財）富山県文化振興財団2002,TRUE,,,見込：一方向ナデ→体部：不明→口縁：横ナデ,口縁：横ナデ
,4531,4531,石名田木舟遺跡,Toyama,SD7003,TI,13.8,2.1,（財）富山県文化振興財団2002,TRUE,,,見込：一方向ナデ→体部：不明→口縁：横ナデ,口縁：横ナデ
,4532,4532,石名田木舟遺跡,Toyama,SD7003,TI,14,2.35,（財）富山県文化振興財団2002,TRUE,,,見込：一方向ナデ→体部：2字ナデ→口縁：横ナデ,口縁：横ナデ
,4533,4533,石名田木舟遺跡,Toyama,SD7003,TI,14.2,2.2,（財）富山県文化振興財団2002,TRUE,,,見込：一方向ナデ→体部：2字ナデ→口縁：横ナデ,口縁：横ナデ
,4534,4534,石名田木舟遺跡,Toyama,SD7003,TI,14.4,2.3,（財）富山県文化振興財団2002,TRUE,,,見込：一方向ナデ→体部：不明→口縁：横ナデ,口縁：横ナデ
,4535,4535,石名田木舟遺跡,Toyama,SD7003,TI,14.4,2.2,（財）富山県文化振興財団2002,TRUE,,,見込：一方向ナデ→体部：2字ナデ→口縁：横ナデ,口縁：横ナデ
,4536,4536,石名田木舟遺跡,Toyama,SD7003,,15.2,2.55,（財）富山県文化振興財団2002,,,,見込：一方向ナデ→体部：不明→口縁：横ナデ,口縁：横ナデ
,4537,4537,石名田木舟遺跡,Toyama,SD7003,,14.8,,（財）富山県文化振興財団2002,,,,見込：一方向ナデ→体部：不明→口縁：横ナデ,口縁：横ナデ
,4538,4538,石名田木舟遺跡,Toyama,SD7003,TI,15,2.61,（財）富山県文化振興財団2002,TRUE,,,見込：一方向ナデ→体部：2字ナデ→口縁：横ナデ,口縁：横ナデ
,4539,4539,石名田木舟遺跡,Toyama,SD7003,,14.8,2.1,（財）富山県文化振興財団2002,,,,見込：一方向ナデ→体部：2字ナデ→口縁：横ナデ,口縁：横ナデ
,4540,4540,石名田木舟遺跡,Toyama,SD7003,,14.3,,（財）富山県文化振興財団2002,,,,見込：一方向ナデ→体部：2字ナデ→口縁：横ナデ,口縁：横ナデ
,4541,4541,石名田木舟遺跡,Toyama,SD7003,,13.8,2,（財）富山県文化振興財団2002,,,,見込：一方向ナデ→体部：不明→口縁：横ナデ,口縁：横ナデ
,4542,4542,石名田木舟遺跡,Toyama,SD7003,TI,13.8,2.1,（財）富山県文化振興財団2002,TRUE,,,見込：一方向ナデ→体部：不明→口縁：横ナデ,口縁：横ナデ
,4543,4543,石名田木舟遺跡,Toyama,SD7003,TI,13.9,2.2,（財）富山県文化振興財団2002,TRUE,,,見込：一方向ナデ→体部：不明→口縁：横ナデ,口縁：横ナデ
,4544,4544,石名田木舟遺跡,Toyama,SD7003,,15,,（財）富山県文化振興財団2002,,,,見込：一方向ナデ→体部：2字ナデ→口縁：横ナデ,口縁：横ナデ
,4545,4545,石名田木舟遺跡,Toyama,SD7003,TI,15.4,2.7,（財）富山県文化振興財団2002,TRUE,,,見込：一方向ナデ→体部：2字ナデ→口縁：横ナデ,口縁：横ナデ
,4546,4546,石名田木舟遺跡,Toyama,SD7003,,15.5,2.1,（財）富山県文化振興財団2002,,,,見込：一方向ナデ→体部：2字ナデ→口縁：横ナデ,口縁：横ナデ
,4547,4547,石名田木舟遺跡,Toyama,SD7003,TI,15.6,2.6,（財）富山県文化振興財団2002,TRUE,,,見込：一方向ナデ→体部：不明→口縁：横ナデ,口縁：横ナデ
,4548,4548,石名田木舟遺跡,Toyama,SD7003,TI,15.6,2.55,（財）富山県文化振興財団2002,TRUE,,,見込：一方向ナデ→体部：2字ナデ→口縁：横ナデ,口縁：横ナデ
,4549,4549,石名田木舟遺跡,Toyama,SD7003,TI,15.8,2.55,（財）富山県文化振興財団2002,TRUE,,,見込：一方向ナデ→体部：2字ナデ→口縁：横ナデ,口縁：横ナデ
,4550,4550,石名田木舟遺跡,Toyama,SD7003,TI,15.8,2.1,（財）富山県文化振興財団2002,TRUE,,,見込：一方向ナデ→体部：2字ナデ→口縁：横ナデ,口縁：横ナデ
,4551,4551,石名田木舟遺跡,Toyama,SD7003,,16.2,2.2,（財）富山県文化振興財団2002,,,,見込：一方向ナデ→体部：不明→口縁：横ナデ,口縁：横ナデ
,4552,4552,石名田木舟遺跡,Toyama,SD7003,TI,13.8,2.4,（財）富山県文化振興財団2002,TRUE,,,見込：一方向ナデ→体部：2字ナデ→口縁：横ナデ,口縁：横ナデ
,4553,4553,石名田木舟遺跡,Toyama,SD7003,,14.2,2.1,（財）富山県文化振興財団2002,,,,見込：一方向ナデ→体部：不明→口縁：横ナデ,口縁：横ナデ
,4554,4554,石名田木舟遺跡,Toyama,SD7003,,14.8,2,（財）富山県文化振興財団2002,,,,見込：不明→体部：不明→口縁：横ナデ,
,4555,4555,石名田木舟遺跡,Toyama,SD7003,TI,15.3,2.1,（財）富山県文化振興財団2002,TRUE,,,見込：一方向ナデ→体部：2字ナデ→口縁：横ナデ,口縁：横ナデ
,4556,4556,石名田木舟遺跡,Toyama,SD7003,TI,18.4,2.6,（財）富山県文化振興財団2002,TRUE,,,見込：一方向ナデ→体部：不明→口縁：横ナデ,口縁：横ナデ
,4557,4557,石名田木舟遺跡,Toyama,SD7003,TI,18.7,2.2,（財）富山県文化振興財団2002,TRUE,,,見込：一方向ナデ→体部：2字ナデ→口縁：横ナデ,口縁：横ナデ
2151,TYa4764,4764,石名田木舟遺跡,Toyama,SD7030,RF,7.9,2,（財）富山県文化振興財団2002,TRUE,,IS_F-H_3期1,,
,4765,4765,石名田木舟遺跡,Toyama,SD7030,RH,13.5,,（財）富山県文化振興財団2002,,,,,
2152,TYa4766,4766,石名田木舟遺跡,Toyama,SD7030,RH,14.2,2.8,（財）富山県文化振興財団2002,TRUE,,IS_F-H_3期1,,
,4767,4767,石名田木舟遺跡,Toyama,SD7030,TH,6.9,1.4,（財）富山県文化振興財団2002,,,,,
,4768,4768,石名田木舟遺跡,Toyama,SD7030,TH,7.8,1.4,（財）富山県文化振興財団2002,,,,,
,4769,4769,石名田木舟遺跡,Toyama,SD7030,TH,8.2,1.5,（財）富山県文化振興財団2002,,,,,
,4770,4770,石名田木舟遺跡,Toyama,SD7030,TH,8.6,1.4,（財）富山県文化振興財団2002,,,,,
,4771,4771,石名田木舟遺跡,Toyama,SD7030,TH,8.6,,（財）富山県文化振興財団2002,,,,,
,4772,4772,石名田木舟遺跡,Toyama,SD7030,TH,7.8,,（財）富山県文化振興財団2002,,,,,
,4773,4773,石名田木舟遺跡,Toyama,SD7030,TH,7.7,1.7,（財）富山県文化振興財団2002,,,,,
,4774,4774,石名田木舟遺跡,Toyama,SD7030,TH,7.6,,（財）富山県文化振興財団2002,,,,,
,4775,4775,石名田木舟遺跡,Toyama,SD7030,TH,8.8,,（財）富山県文化振興財団2002,,,,,
,4776,4776,石名田木舟遺跡,Toyama,SD7030,TH,9.8,,（財）富山県文化振興財団2002,,,,,
,4777,4777,石名田木舟遺跡,Toyama,SD7030,TI,7.5,1.6,（財）富山県文化振興財団2002,,,,,
,4778,4778,石名田木舟遺跡,Toyama,SD7030,TI,7.4,1.7,（財）富山県文化振興財団2002,,,,,
,4779,4779,石名田木舟遺跡,Toyama,SD7030,TI,7.7,1.9,（財）富山県文化振興財団2002,,,,見込：指ナデ→体部：2字ナデ→口縁：横ナデ,口縁：横ナデ
,4780,4780,石名田木舟遺跡,Toyama,SD7030,TI,8.6,1.9,（財）富山県文化振興財団2002,TRUE,,,体部：2字ナデ→見込：指ナデ→口縁：横ナデ,口縁：横ナデ
,4781,4781,石名田木舟遺跡,Toyama,SD7030,TI,8.7,2.2,（財）富山県文化振興財団2002,TRUE,,,体部：不明→見込：指ナデ→口縁：横ナデ,口縁：横ナデ
,4782,4782,石名田木舟遺跡,Toyama,SD7030,TI,8.6,1.9,（財）富山県文化振興財団2002,TRUE,,,体部：不明→見込：不明→口縁：横ナデ,口縁：横ナデ
,4783,4783,石名田木舟遺跡,Toyama,SD7030,TI,8.2,2,（財）富山県文化振興財団2002,TRUE,,,体部：2字ナデ→見込：指ナデ→口縁：横ナデ,口縁：横ナデ
,4784,4784,石名田木舟遺跡,Toyama,SD7030,TI,8.4,2,（財）富山県文化振興財団2002,TRUE,,,体部：不明→見込：指ナデ→口縁：横ナデ,口縁：横ナデ
,4785,4785,石名田木舟遺跡,Toyama,SD7030,TI,8.4,1.9,（財）富山県文化振興財団2002,TRUE,,,体部：不明→見込：指ナデ→口縁：横ナデ,口縁：横ナデ
,4786,4786,石名田木舟遺跡,Toyama,SD7030,TI,8.7,2.1,（財）富山県文化振興財団2002,TRUE,,,体部：2字ナデ→見込：指ナデ→口縁：横ナデ,口縁：横ナデ
,4787,4787,石名田木舟遺跡,Toyama,SD7030,TI,8.8,2,（財）富山県文化振興財団2002,TRUE,,,体部：の字ナデ？→見込：指ナデ→口縁：横ナデ,口縁：横ナデ
,4788,4788,石名田木舟遺跡,Toyama,SD7030,TI,8.8,1.9,（財）富山県文化振興財団2002,TRUE,,,体部：2字ナデ→見込：指ナデ？→口縁：横ナデ,口縁：横ナデ
,4789,4789,石名田木舟遺跡,Toyama,SD7030,TI,9.1,2.2,（財）富山県文化振興財団2002,TRUE,,,体部：2字ナデ→見込：指ナデ→口縁：横ナデ,口縁：横ナデ
,4790,4790,石名田木舟遺跡,Toyama,SD7030,TI,8.6,2,（財）富山県文化振興財団2002,TRUE,,,体部：2字ナデ→見込：指ナデ→口縁：横ナデ,口縁：横ナデ
,4791,4791,石名田木舟遺跡,Toyama,SD7030,TI,8.8,2.05,（財）富山県文化振興財団2002,TRUE,,,体部：2字ナデ→見込：指ナデ→口縁：横ナデ,口縁：横ナデ
,4792,4792,石名田木舟遺跡,Toyama,SD7030,TI,8.9,1.9,（財）富山県文化振興財団2002,TRUE,,,体部：2字ナデ→見込：指ナデ→口縁：横ナデ,口縁：横ナデ
,4793,4793,石名田木舟遺跡,Toyama,SD7030,TI,8.8,1.9,（財）富山県文化振興財団2002,TRUE,,,体部：2字ナデ→見込：指ナデ→口縁：横ナデ,口縁：横ナデ
,4794,4794,石名田木舟遺跡,Toyama,SD7030,TI,9.2,2,（財）富山県文化振興財団2002,TRUE,,,体部：横ナデ→見込：指ナデ→口縁：横ナデ,口縁：横ナデ
,4795,4795,石名田木舟遺跡,Toyama,SD7030,TI,8.5,2.1,（財）富山県文化振興財団2002,TRUE,,,体部：横ナデ→見込：指ナデ→口縁：横ナデ,口縁：横ナデ
,4796,4796,石名田木舟遺跡,Toyama,SD7030,TI,8.6,1.9,（財）富山県文化振興財団2002,TRUE,,,体部：2字ナデ→見込：指ナデ→口縁：横ナデ,口縁：横ナデ
,4797,4797,石名田木舟遺跡,Toyama,SD7030,TI,8.5,1.75,（財）富山県文化振興財団2002,TRUE,,,体部：2字ナデ→見込：指ナデ→口縁：横ナデ,口縁：横ナデ
,4798,4798,石名田木舟遺跡,Toyama,SD7030,TI,8.6,2.2,（財）富山県文化振興財団2002,TRUE,,,体部：2字ナデ→見込：指ナデ→口縁：横ナデ,口縁：横ナデ
,4799,4799,石名田木舟遺跡,Toyama,SD7030,TI,8.8,1.9,（財）富山県文化振興財団2002,TRUE,,,体部：2字ナデ→見込：指ナデ→口縁：横ナデ,口縁：横ナデ
,4800,4800,石名田木舟遺跡,Toyama,SD7030,TI,8.9,1.85,（財）富山県文化振興財団2002,TRUE,,,体部：2字ナデ→見込：指ナデ→口縁：横ナデ,口縁：横ナデ
,4801,4801,石名田木舟遺跡,Toyama,SD7030,TI,8.9,1.8,（財）富山県文化振興財団2002,TRUE,,,体部：2字ナデ→見込：指ナデ→口縁：横ナデ,口縁：横ナデ
,4802,4802,石名田木舟遺跡,Toyama,SD7030,TI,8.6,1.8,（財）富山県文化振興財団2002,TRUE,,,体部：2字ナデ→口縁：横ナデ,口縁：横ナデ
,4803,4803,石名田木舟遺跡,Toyama,SD7030,TI,8.7,1.8,（財）富山県文化振興財団2002,TRUE,,,体部：2字ナデ→見込：指ナデ→口縁：横ナデ,口縁：横ナデ
,4804,4804,石名田木舟遺跡,Toyama,SD7030,TI,8.8,1.8,（財）富山県文化振興財団2002,TRUE,,,体部：2字ナデ→見込：指ナデ→口縁：横ナデ,口縁：横ナデ
,4805,4805,石名田木舟遺跡,Toyama,SD7030,TI,8.8,1.9,（財）富山県文化振興財団2002,TRUE,,,体部：2字ナデ→見込：指ナデ→口縁：横ナデ,口縁：横ナデ
,4806,4806,石名田木舟遺跡,Toyama,SD7030,TI,9,1.9,（財）富山県文化振興財団2002,TRUE,,,体部：2字ナデ→見込：指ナデ→口縁：横ナデ,口縁：横ナデ
,4807,4807,石名田木舟遺跡,Toyama,SD7030,TI,8.7,1.9,（財）富山県文化振興財団2002,TRUE,,,体部：2字ナデ→見込：指ナデ→口縁：横ナデ,口縁：横ナデ
,4808,4808,石名田木舟遺跡,Toyama,SD7030,TI,8.9,2,（財）富山県文化振興財団2002,TRUE,,,体部：2字ナデ→見込：指ナデ→口縁：横ナデ,口縁：横ナデ
,4809,4809,石名田木舟遺跡,Toyama,SD7030,TI,9,2.1,（財）富山県文化振興財団2002,TRUE,,,体部：2字ナデ→見込：指ナデ→口縁：横ナデ,口縁：横ナデ
,4810,4810,石名田木舟遺跡,Toyama,SD7030,TI,8.8,2.1,（財）富山県文化振興財団2002,TRUE,,,体部：2字ナデ→見込：指ナデ→口縁：横ナデ,口縁：横ナデ
,4811,4811,石名田木舟遺跡,Toyama,SD7030,TI,8.8,2,（財）富山県文化振興財団2002,TRUE,,,体部：2字ナデ→見込：指ナデ→口縁：横ナデ,口縁：横ナデ
,4812,4812,石名田木舟遺跡,Toyama,SD7030,TI,8.7,1.7,（財）富山県文化振興財団2002,TRUE,,,体部：2字ナデ→見込：指ナデ→口縁：横ナデ,口縁：横ナデ
,4813,4813,石名田木舟遺跡,Toyama,SD7030,TI,8.8,1.9,（財）富山県文化振興財団2002,TRUE,,,体部：横ナデ（不明）→見込：指ナデ→口縁：横ナデ,口縁：横ナデ
,4814,4814,石名田木舟遺跡,Toyama,SD7030,TI,9.2,2.05,（財）富山県文化振興財団2002,TRUE,,,体部：2字ナデ→見込：指ナデ→口縁：横ナデ,口縁：横ナデ
,4815,4815,石名田木舟遺跡,Toyama,SD7030,TI,9.2,1.9,（財）富山県文化振興財団2002,TRUE,,,体部：2字ナデ（？）→見込：指ナデ→口縁：横ナデ,口縁：横ナデ
,4816,4816,石名田木舟遺跡,Toyama,SD7030,TI,8.8,2.2,（財）富山県文化振興財団2002,TRUE,,,体部：2字ナデ→見込：指ナデ→口縁：横ナデ,口縁：横ナデ
,4817,4817,石名田木舟遺跡,Toyama,SD7030,TI,8.7,1.85,（財）富山県文化振興財団2002,TRUE,,,体部：横ナデ（不明）→見込：指ナデ→口縁：横ナデ,口縁：横ナデ
,4818,4818,石名田木舟遺跡,Toyama,SD7030,TI,8.8,1.7,（財）富山県文化振興財団2002,TRUE,,,体部：2字ナデ→口縁：横ナデ,口縁：横ナデ
,4819,4819,石名田木舟遺跡,Toyama,SD7030,TI,8.4,2,（財）富山県文化振興財団2002,TRUE,,,体部：横ナデ（不明）→見込：指ナデ→口縁：横ナデ,口縁：横ナデ
,4820,4820,石名田木舟遺跡,Toyama,SD7030,TI,8.8,2.1,（財）富山県文化振興財団2002,TRUE,,,体部：2字ナデ→見込：指ナデ→口縁：横ナデ,口縁：横ナデ
,4821,4821,石名田木舟遺跡,Toyama,SD7030,TI,9,1.75,（財）富山県文化振興財団2002,TRUE,,,体部：横ナデ（不明）→見込：指ナデ→口縁：横ナデ,口縁：横ナデ
,4822,4822,石名田木舟遺跡,Toyama,SD7030,TI,8.7,2,（財）富山県文化振興財団2002,TRUE,,,体部：2字ナデ→見込：指ナデ→口縁：横ナデ,口縁：横ナデ
,4823,4823,石名田木舟遺跡,Toyama,SD7030,TI,9.3,1.9,（財）富山県文化振興財団2002,TRUE,,,不明,口縁：横ナデ
,4824,4824,石名田木舟遺跡,Toyama,SD7030,TI,9.3,1.75,（財）富山県文化振興財団2002,TRUE,,,体部：横ナデ（不明）→見込：指ナデ→口縁：横ナデ,口縁：横ナデ
,4825,4825,石名田木舟遺跡,Toyama,SD7030,TI,9,1.9,（財）富山県文化振興財団2002,TRUE,,,体部：2字ナデ→見込：指ナデ→口縁：横ナデ,口縁：横ナデ
,4826,4826,石名田木舟遺跡,Toyama,SD7030,TI,9,1.9,（財）富山県文化振興財団2002,TRUE,,,体部：2字ナデ→見込：指ナデ→口縁：横ナデ,口縁：横ナデ
,4827,4827,石名田木舟遺跡,Toyama,SD7030,TI,9.3,1.75,（財）富山県文化振興財団2002,TRUE,,,体部：横ナデ（不明）→見込：指ナデ→口縁：横ナデ,口縁：横ナデ
,4828,4828,石名田木舟遺跡,Toyama,SD7030,TI,8.4,1.8,（財）富山県文化振興財団2002,TRUE,,,体部：2字ナデ→見込：指ナデ→口縁：横ナデ,口縁：横ナデ
,4829,4829,石名田木舟遺跡,Toyama,SD7030,TI,8.7,1.85,（財）富山県文化振興財団2002,TRUE,,,体部：の字ナデ→見込：指ナデ→口縁：横ナデ,口縁：横ナデ
,4830,4830,石名田木舟遺跡,Toyama,SD7030,TI,8.7,1.7,（財）富山県文化振興財団2002,TRUE,,,体部：2字ナデ→見込：指ナデ→口縁：横ナデ,口縁：横ナデ
,4831,4831,石名田木舟遺跡,Toyama,SD7030,TI,8.6,2,（財）富山県文化振興財団2002,TRUE,,,体部：2字ナデ→見込：指ナデ→口縁：横ナデ,口縁：横ナデ
,4832,4832,石名田木舟遺跡,Toyama,SD7030,TI,8.8,2.05,（財）富山県文化振興財団2002,TRUE,,,体部：2字ナデ→見込：指ナデ→口縁：横ナデ,口縁：横ナデ
,4833,4833,石名田木舟遺跡,Toyama,SD7030,TI,9,1.95,（財）富山県文化振興財団2002,TRUE,,,体部：2字ナデ→見込：指ナデ→口縁：横ナデ,口縁：横ナデ
,4834,4834,石名田木舟遺跡,Toyama,SD7030,TI,8.9,1.9,（財）富山県文化振興財団2002,TRUE,,,体部：2字ナデ→見込：指ナデ→口縁：横ナデ,口縁：横ナデ
,4835,4835,石名田木舟遺跡,Toyama,SD7030,TI,8.9,1.9,（財）富山県文化振興財団2002,TRUE,,,体部：2字ナデ→見込：指ナデ→口縁：横ナデ,口縁：横ナデ
,4836,4836,石名田木舟遺跡,Toyama,SD7030,TI,9.3,2,（財）富山県文化振興財団2002,TRUE,,,体部：2字ナデ→見込：指ナデ→口縁：横ナデ,口縁：横ナデ
,4837,4837,石名田木舟遺跡,Toyama,SD7030,TI,9,2,（財）富山県文化振興財団2002,TRUE,,,体部：2字ナデ→見込：指ナデ→口縁：横ナデ,口縁：横ナデ
,4838,4838,石名田木舟遺跡,Toyama,SD7030,TI,8.5,1.95,（財）富山県文化振興財団2002,TRUE,,,体部：2字ナデ→見込：指ナデ→口縁：横ナデ,口縁：横ナデ
,4839,4839,石名田木舟遺跡,Toyama,SD7030,TI,8.7,1.9,（財）富山県文化振興財団2002,TRUE,,,体部：2字ナデ→見込：指ナデ→口縁：横ナデ,口縁：横ナデ
,4840,4840,石名田木舟遺跡,Toyama,SD7030,TI,8.4,2.1,（財）富山県文化振興財団2002,TRUE,,,体部：2字ナデ→見込：指ナデ→口縁：横ナデ,口縁：横ナデ
,4841,4841,石名田木舟遺跡,Toyama,SD7030,TI,8.6,2,（財）富山県文化振興財団2002,TRUE,,,体部：横ナデ（不明）→見込：指ナデ→口縁：横ナデ,口縁：横ナデ
,4842,4842,石名田木舟遺跡,Toyama,SD7030,TI,8.7,2,（財）富山県文化振興財団2002,TRUE,,,体部：横ナデ（不明）→見込：指ナデ→口縁：横ナデ,口縁：横ナデ
,4843,4843,石名田木舟遺跡,Toyama,SD7030,TI,8.8,2,（財）富山県文化振興財団2002,TRUE,,,体部：横ナデ（不明）→見込：指ナデ→口縁：横ナデ,口縁：横ナデ
,4844,4844,石名田木舟遺跡,Toyama,SD7030,TI,8.9,2.2,（財）富山県文化振興財団2002,TRUE,,,体部：横ナデ（不明）→見込：指ナデ→口縁：横ナデ,口縁：横ナデ
,4845,4845,石名田木舟遺跡,Toyama,SD7030,TI,8.9,2.2,（財）富山県文化振興財団2002,TRUE,,,体部：2字ナデ→見込：指ナデ→口縁：横ナデ,口縁：横ナデ
,4846,4846,石名田木舟遺跡,Toyama,SD7030,TI,8.8,2.1,（財）富山県文化振興財団2002,,,,体部：横ナデ（不明）→見込：指ナデ→口縁：横ナデ,口縁：横ナデ
,4847,4847,石名田木舟遺跡,Toyama,SD7030,TI,8.8,2.1,（財）富山県文化振興財団2002,TRUE,,,体部：横ナデ（不明）→見込：指ナデ→口縁：横ナデ,口縁：横ナデ
,4848,4848,石名田木舟遺跡,Toyama,SD7030,TI,8.8,2.1,（財）富山県文化振興財団2002,TRUE,,,体部：2字ナデ→見込：指ナデ→口縁：横ナデ,口縁：横ナデ
,4849,4849,石名田木舟遺跡,Toyama,SD7030,TI,8.7,1.9,（財）富山県文化振興財団2002,TRUE,,,体部：2字ナデ→見込：指ナデ→口縁：横ナデ,口縁：横ナデ
,4850,4850,石名田木舟遺跡,Toyama,SD7030,TI,8.7,1.8,（財）富山県文化振興財団2002,TRUE,,,体部：横ナデ（不明）→見込：指ナデ→口縁：横ナデ,口縁：横ナデ
,4851,4851,石名田木舟遺跡,Toyama,SD7030,TI,8.7,1.9,（財）富山県文化振興財団2002,TRUE,,,体部：2字ナデ→見込：指ナデ→口縁：横ナデ,口縁：横ナデ
,4852,4852,石名田木舟遺跡,Toyama,SD7030,TI,9.1,1.7,（財）富山県文化振興財団2002,TRUE,,,,
,4853,4853,石名田木舟遺跡,Toyama,SD7030,TI,9.2,1.9,（財）富山県文化振興財団2002,TRUE,,,,
,4854,4854,石名田木舟遺跡,Toyama,SD7030,TI,9.2,1.8,（財）富山県文化振興財団2002,TRUE,,,,
,4855,4855,石名田木舟遺跡,Toyama,SD7030,TI,,,（財）富山県文化振興財団2002,,,,,
,4856,4856,石名田木舟遺跡,Toyama,SD7030,TI,,,（財）富山県文化振興財団2002,,,,,
,4857,4857,石名田木舟遺跡,Toyama,SD7030,TI,8.2,1.8,（財）富山県文化振興財団2002,TRUE,,,,
,4858,4858,石名田木舟遺跡,Toyama,SD7030,TI,8.3,1.8,（財）富山県文化振興財団2002,TRUE,,,,
,4859,4859,石名田木舟遺跡,Toyama,SD7030,TI,8.6,1.6,（財）富山県文化振興財団2002,TRUE,,,,
,4860,4860,石名田木舟遺跡,Toyama,SD7030,TI,8.6,1.7,（財）富山県文化振興財団2002,TRUE,,,,
,4861,4861,石名田木舟遺跡,Toyama,SD7030,TI,8.7,1.7,（財）富山県文化振興財団2002,TRUE,,,,
,4862,4862,石名田木舟遺跡,Toyama,SD7030,TI,8.6,1.7,（財）富山県文化振興財団2002,TRUE,,,,
,4863,4863,石名田木舟遺跡,Toyama,SD7030,TI,8.6,1.75,（財）富山県文化振興財団2002,TRUE,,,,
,4864,4864,石名田木舟遺跡,Toyama,SD7030,TI,8.7,1.8,（財）富山県文化振興財団2002,TRUE,,,,
,4865,4865,石名田木舟遺跡,Toyama,SD7030,TI,9,1.8,（財）富山県文化振興財団2002,TRUE,,,,
,4866,4866,石名田木舟遺跡,Toyama,SD7030,TI,8.8,1.8,（財）富山県文化振興財団2002,TRUE,,,,
,4867,4867,石名田木舟遺跡,Toyama,SD7030,TI,8.9,1.95,（財）富山県文化振興財団2002,TRUE,,,,
,4868,4868,石名田木舟遺跡,Toyama,SD7030,TI,8.6,1.9,（財）富山県文化振興財団2002,TRUE,,,,
,4869,4869,石名田木舟遺跡,Toyama,SD7030,TI,7.7,1.8,（財）富山県文化振興財団2002,,,,,
,4870,4870,石名田木舟遺跡,Toyama,SD7030,TI,,,（財）富山県文化振興財団2002,,,,,
,4871,4871,石名田木舟遺跡,Toyama,SD7030,TI,8.7,1.8,（財）富山県文化振興財団2002,TRUE,,,,
,4872,4872,石名田木舟遺跡,Toyama,SD7030,TI,8.7,1.8,（財）富山県文化振興財団2002,TRUE,,,,
,4873,4873,石名田木舟遺跡,Toyama,SD7030,TI,8.8,2,（財）富山県文化振興財団2002,TRUE,,,,
,4874,4874,石名田木舟遺跡,Toyama,SD7030,TI,8.4,2,（財）富山県文化振興財団2002,,,,,
,4875,4875,石名田木舟遺跡,Toyama,SD7030,TI,8.6,2,（財）富山県文化振興財団2002,TRUE,,,,
,4876,4876,石名田木舟遺跡,Toyama,SD7030,TI,8.6,2,（財）富山県文化振興財団2002,TRUE,,,,
,4877,4877,石名田木舟遺跡,Toyama,SD7030,TI,8.6,1.8,（財）富山県文化振興財団2002,TRUE,,,,
,4878,4878,石名田木舟遺跡,Toyama,SD7030,TI,8.7,1.8,（財）富山県文化振興財団2002,TRUE,,,,
,4879,4879,石名田木舟遺跡,Toyama,SD7030,TI,8.7,1.9,（財）富山県文化振興財団2002,TRUE,,,,
,4880,4880,石名田木舟遺跡,Toyama,SD7030,TI,9,2.1,（財）富山県文化振興財団2002,TRUE,,,,
,4881,4881,石名田木舟遺跡,Toyama,SD7030,TI,8.9,2,（財）富山県文化振興財団2002,TRUE,,,,
,4882,4882,石名田木舟遺跡,Toyama,SD7030,TI,8.7,1.9,（財）富山県文化振興財団2002,TRUE,,,,
,4883,4883,石名田木舟遺跡,Toyama,SD7030,TI,8.9,1.8,（財）富山県文化振興財団2002,TRUE,,,,
,4884,4884,石名田木舟遺跡,Toyama,SD7030,TI,8.6,1.9,（財）富山県文化振興財団2002,TRUE,,,,
,4885,4885,石名田木舟遺跡,Toyama,SD7030,TI,8.9,2,（財）富山県文化振興財団2002,TRUE,,,,
,4886,4886,石名田木舟遺跡,Toyama,SD7030,TI,8.9,1.7,（財）富山県文化振興財団2002,TRUE,,,,
,4887,4887,石名田木舟遺跡,Toyama,SD7030,TI,8.9,2,（財）富山県文化振興財団2002,TRUE,,,,
,4888,4888,石名田木舟遺跡,Toyama,SD7030,TI,8.7,1.7,（財）富山県文化振興財団2002,TRUE,,,,
,4889,4889,石名田木舟遺跡,Toyama,SD7030,TI,8.8,2,（財）富山県文化振興財団2002,TRUE,,,,
,4890,4890,石名田木舟遺跡,Toyama,SD7030,TI,8.6,1.7,（財）富山県文化振興財団2002,TRUE,,,,
,4891,4891,石名田木舟遺跡,Toyama,SD7030,TI,9,2,（財）富山県文化振興財団2002,TRUE,,,,
,4892,4892,石名田木舟遺跡,Toyama,SD7030,TI,9.2,1.7,（財）富山県文化振興財団2002,TRUE,,,体部：不明→見込：指ナデ→口縁：横ナデ,口縁：横ナデ
,4893,4893,石名田木舟遺跡,Toyama,SD7030,煎餅,7.4,1.8,（財）富山県文化振興財団2002,,,,見込：なし→体部：2字ナデ（雑）→口縁：横ナデ,
,4894,4894,石名田木舟遺跡,Toyama,SD7030,煎餅,7.7,1.8,（財）富山県文化振興財団2002,,,,見込：なし→体部：2字ナデ（雑）→口縁：なし,
,4895,4895,石名田木舟遺跡,Toyama,SD7030,煎餅,7.8,1.6,（財）富山県文化振興財団2002,,,,,
,4896,4896,石名田木舟遺跡,Toyama,SD7030,煎餅,,,（財）富山県文化振興財団2002,,,,,
,4897,4897,石名田木舟遺跡,Toyama,SD7030,煎餅,,,（財）富山県文化振興財団2002,,,,,
,4898,4898,石名田木舟遺跡,Toyama,SD7030,煎餅,8.3,1.8,（財）富山県文化振興財団2002,TRUE,,,体部：2字ナデ→見込：指ナデ→口縁：横ナデ,口縁：横ナデ
,4899,4899,石名田木舟遺跡,Toyama,SD7030,煎餅,8.4,1.8,（財）富山県文化振興財団2002,TRUE,,,体部：2字ナデ→見込：指ナデ→口縁：横ナデ,口縁：横ナデ
,4900,4900,石名田木舟遺跡,Toyama,SD7030,TI,8.8,1.6,（財）富山県文化振興財団2002,TRUE,,,不明,
,4901,4901,石名田木舟遺跡,Toyama,SD7030,TI,8.8,1.8,（財）富山県文化振興財団2002,TRUE,,,不明,口縁：横ナデ
,4902,4902,石名田木舟遺跡,Toyama,SD7030,TI,8.7,2,（財）富山県文化振興財団2002,,,,不明,口縁：横ナデ
,4903,4903,石名田木舟遺跡,Toyama,SD7030,TI,8.8,2,（財）富山県文化振興財団2002,TRUE,,,不明,口縁：横ナデ
,4904,4904,石名田木舟遺跡,Toyama,SD7030,TI,9,1.8,（財）富山県文化振興財団2002,TRUE,,,体部：2字ナデ→見込：指ナデ→口縁：横ナデ,口縁：横ナデ
,4905,4905,石名田木舟遺跡,Toyama,SD7030,TI,9.2,1.9,（財）富山県文化振興財団2002,TRUE,,,体部：2字ナデ→見込：指ナデ→口縁：横ナデ,口縁：横ナデ
,4906,4906,石名田木舟遺跡,Toyama,SD7030,TI,10.8,2.2,（財）富山県文化振興財団2002,TRUE,,,見込：一方向ナデ→体部：不明→口縁：横ナデ,口縁：横ナデ
,4907,4907,石名田木舟遺跡,Toyama,SD7030,TI,10.7,2.3,（財）富山県文化振興財団2002,TRUE,,,見込：一方向ナデ→体部：2字ナデ→口縁：横ナデ,口縁：横ナデ
,4908,4908,石名田木舟遺跡,Toyama,SD7030,TI,11.8,2.1,（財）富山県文化振興財団2002,TRUE,,,見込：一方向ナデ→体部：2字ナデ→口縁：横ナデ,口縁：横ナデ
,4909,4909,石名田木舟遺跡,Toyama,SD7030,TI,11.9,2.1,（財）富山県文化振興財団2002,TRUE,,,見込：一方向ナデ→体部：2字ナデ→口縁：横ナデ,口縁：横ナデ
,4910,4910,石名田木舟遺跡,Toyama,SD7030,TI,11.7,2.2,（財）富山県文化振興財団2002,TRUE,,,見込：一方向ナデ→体部：不明→口縁：横ナデ,口縁：横ナデ
,4911,4911,石名田木舟遺跡,Toyama,SD7030,TI,11.9,2,（財）富山県文化振興財団2002,,,,見込：一方向ナデ→体部：不明→口縁：横ナデ,口縁：横ナデ
,4912,4912,石名田木舟遺跡,Toyama,SD7030,TI,12.2,2.3,（財）富山県文化振興財団2002,TRUE,,,見込：一方向ナデ→体部：2字ナデ→口縁：横ナデ,口縁：横ナデ
,4913,4913,石名田木舟遺跡,Toyama,SD7030,TI,12,2.4,（財）富山県文化振興財団2002,,,,見込：一方向ナデ→体部：2字ナデ→口縁：横ナデ,口縁：横ナデ
,4914,4914,石名田木舟遺跡,Toyama,SD7030,TI,12.5,2.5,（財）富山県文化振興財団2002,,,,見込：一方向ナデ→体部：不明→口縁：横ナデ,口縁：横ナデ
,4915,4915,石名田木舟遺跡,Toyama,SD7030,TI,11.7,2.2,（財）富山県文化振興財団2002,TRUE,,,見込：一方向ナデ→体部：2字ナデ→口縁：横ナデ,口縁：横ナデ
,4916,4916,石名田木舟遺跡,Toyama,SD7030,TI,11.6,2.3,（財）富山県文化振興財団2002,TRUE,,,見込：一方向ナデ→体部：2字ナデ→口縁：横ナデ,口縁：横ナデ
,4917,4917,石名田木舟遺跡,Toyama,SD7030,TI,11.8,2,（財）富山県文化振興財団2002,TRUE,,,見込：一方向ナデ→体部：2字ナデ→口縁：横ナデ,口縁：横ナデ
,4918,4918,石名田木舟遺跡,Toyama,SD7030,TI,12,2.4,（財）富山県文化振興財団2002,TRUE,,,見込：一方向ナデ→体部：2字ナデ→口縁：横ナデ,口縁：横ナデ
,4919,4919,石名田木舟遺跡,Toyama,SD7030,TI,11.9,2,（財）富山県文化振興財団2002,TRUE,,,見込：なし→体部：2字ナデ→口縁：横ナデ,口縁：横ナデ
,4920,4920,石名田木舟遺跡,Toyama,SD7030,TI,12.2,2.2,（財）富山県文化振興財団2002,TRUE,,,見込：一方向ナデ→体部：2字ナデ→口縁：横ナデ,口縁：横ナデ
,4921,4921,石名田木舟遺跡,Toyama,SD7030,TI,12.3,2.1,（財）富山県文化振興財団2002,TRUE,,,見込：一方向ナデ→体部：2字ナデ→口縁：横ナデ,口縁：横ナデ
,4922,4922,石名田木舟遺跡,Toyama,SD7030,TI,13.6,2.25,（財）富山県文化振興財団2002,TRUE,,,見込：一方向ナデ→体部：不明→口縁：横ナデ,口縁：横ナデ
,4923,4923,石名田木舟遺跡,Toyama,SD7030,TI,13.8,2,（財）富山県文化振興財団2002,,,,見込：一方向ナデ→体部：不明→口縁：横ナデ,口縁：横ナデ
,4924,4924,石名田木舟遺跡,Toyama,SD7030,TI,14,2.2,（財）富山県文化振興財団2002,TRUE,,,見込：一方向ナデ→体部：2字ナデ→口縁：横ナデ,口縁：横ナデ
,4925,4925,石名田木舟遺跡,Toyama,SD7030,TI,13.8,2,（財）富山県文化振興財団2002,,,,見込：一方向ナデ→体部：2字ナデ→口縁：横ナデ,口縁：横ナデ
,4926,4926,石名田木舟遺跡,Toyama,SD7030,TI,14.2,2.2,（財）富山県文化振興財団2002,,,,見込：一方向ナデ→体部：2字ナデ→口縁：横ナデ,口縁：横ナデ
,4927,4927,石名田木舟遺跡,Toyama,SD7030,TI,14,2,（財）富山県文化振興財団2002,TRUE,,,見込：一方向ナデ→体部：2字ナデ→口縁：横ナデ,口縁：横ナデ
,4928,4928,石名田木舟遺跡,Toyama,SD7030,TI,14,2.5,（財）富山県文化振興財団2002,TRUE,,,見込：一方向ナデ→体部：2字ナデ→口縁：横ナデ,口縁：横ナデ
,4929,4929,石名田木舟遺跡,Toyama,SD7030,TI,14,2.5,（財）富山県文化振興財団2002,TRUE,,,見込：なし→体部：不明→口縁：横ナデ,口縁：横ナデ
,4930,4930,石名田木舟遺跡,Toyama,SD7030,TI,14,2.2,（財）富山県文化振興財団2002,,,,見込：一方向ナデ→体部：2字ナデ→口縁：横ナデ,口縁：横ナデ
,4931,4931,石名田木舟遺跡,Toyama,SD7030,TI,13.8,2.2,（財）富山県文化振興財団2002,,,,見込：不明→体部：2字ナデ→口縁：横ナデ,口縁：横ナデ
,4932,4932,石名田木舟遺跡,Toyama,SD7030,TI,14.2,2.2,（財）富山県文化振興財団2002,,,,見込：一方向ナデ→体部：2字ナデ→口縁：横ナデ,口縁：横ナデ
,4933,4933,石名田木舟遺跡,Toyama,SD7030,TI,14.46,,（財）富山県文化振興財団2002,,,,見込：一方向ナデ→体部：2字ナデ→口縁：横ナデ,口縁：横ナデ
,4934,4934,石名田木舟遺跡,Toyama,SD7030,TI,14.9,2.2,（財）富山県文化振興財団2002,TRUE,,,見込：一方向ナデ→体部：2字ナデ→口縁：横ナデ,口縁：横ナデ
,4935,4935,石名田木舟遺跡,Toyama,SD7030,TI,15.8,2.5,（財）富山県文化振興財団2002,,,,見込：一方向ナデ→体部：不明→口縁：横ナデ,口縁：横ナデ
,4936,4936,石名田木舟遺跡,Toyama,SD7030,,15.15,,（財）富山県文化振興財団2002,,,,,
,4937,4937,石名田木舟遺跡,Toyama,SD7030,,15.6,,（財）富山県文化振興財団2002,,,,,
,4938,4938,石名田木舟遺跡,Toyama,SD7030,,15.78,2.49,（財）富山県文化振興財団2002,,,,,
,4939,4939,石名田木舟遺跡,Toyama,SD7030,,15.72,,（財）富山県文化振興財団2002,,,,,
,4940,4940,石名田木舟遺跡,Toyama,SD7030,,15.81,,（財）富山県文化振興財団2002,,,,,
,4941,4941,石名田木舟遺跡,Toyama,SD7030,,15.72,,（財）富山県文化振興財団2002,,,,,
,4942,4942,石名田木舟遺跡,Toyama,SD7030,,16.14,,（財）富山県文化振興財団2002,,,,,
,4943,4943,石名田木舟遺跡,Toyama,SD7030,,16.11,2.601,（財）富山県文化振興財団2002,,,,,
,4944,4944,石名田木舟遺跡,Toyama,SD7030,,16.2,,（財）富山県文化振興財団2002,,,,,
,4945,4945,石名田木舟遺跡,Toyama,SD7030,,17.7,,（財）富山県文化振興財団2002,,,,,
,4946,4946,石名田木舟遺跡,Toyama,SD7030,,19.77,,（財）富山県文化振興財団2002,,,,,
2212,TYe032,32,新庄城跡,Toyama,1SK293,TJ,7.9,1.4,富山市教育委員会埋蔵文化財センター2014,TRUE,,,,
2213,TYe049,49,新庄城跡,Toyama,1SK256,TI,9.2,1.7,富山市教育委員会埋蔵文化財センター2014,TRUE,,,,
2214,TYe050,50,新庄城跡,Toyama,1SK256,TI,8.5,1.9,富山市教育委員会埋蔵文化財センター2014,TRUE,,,,
2215,TYe051,51,新庄城跡,Toyama,1SD04,TJ,10.6,2,富山市教育委員会埋蔵文化財センター2014,TRUE,,SJ_2期,,
2216,TYe059,59,新庄城跡,Toyama,1SK117,RH,13.5,2.2,富山市教育委員会埋蔵文化財センター2014,TRUE,,,,
2217,TYe060,60,新庄城跡,Toyama,2層,RH,16.5,3,富山市教育委員会埋蔵文化財センター2014,TRUE,,,,
2218,TYe061,61,新庄城跡,Toyama,1SD04,RH,14.9,2.7,富山市教育委員会埋蔵文化財センター2014,TRUE,,SJ_2期,,
2219,TYe063,63,新庄城跡,Toyama,1SK28,RH,15.7,2.6,富山市教育委員会埋蔵文化財センター2014,TRUE,,,,
2220,TYe064,64,新庄城跡,Toyama,1SD04,TJ-b,15.1,2.1,富山市教育委員会埋蔵文化財センター2014,TRUE,,SJ_2期,,
2221,TYe067,67,新庄城跡,Toyama,1SA01,TI,15.3,2.4,富山市教育委員会埋蔵文化財センター2014,TRUE,,SJ_1期,,
2222,TYe068,68,新庄城跡,Toyama,1SD05,TJ-b,12.5,2.3,富山市教育委員会埋蔵文化財センター2014,TRUE,,SJ_1期,,
2223,TYe070,70,新庄城跡,Toyama,1SD05,TJ,15.7,2.7,富山市教育委員会埋蔵文化財センター2014,TRUE,,SJ_1期,,
2224,TYe071,71,新庄城跡,Toyama,1SD04,TJ-b,13.9,2.8,富山市教育委員会埋蔵文化財センター2014,TRUE,,SJ_2期,,
2225,TYe072,72,新庄城跡,Toyama,1SD04,TJ-b,15.1,3.1,富山市教育委員会埋蔵文化財センター2014,TRUE,,SJ_2期,,
2226,TYe073,73,新庄城跡,Toyama,1SD04,TJ,16.1,3,富山市教育委員会埋蔵文化財センター2014,TRUE,,SJ_2期,,
2227,TYe074,74,新庄城跡,Toyama,1SA01,TJ-b,13.1,2.3,富山市教育委員会埋蔵文化財センター2014,TRUE,,SJ_1期,,
2228,TYe075,75,新庄城跡,Toyama,1SD05,,14.2,2.2,富山市教育委員会埋蔵文化財センター2014,TRUE,,SJ_1期,,
2229,TYe076,76,新庄城跡,Toyama,1SD04,TJ-b,14.9,2.5,富山市教育委員会埋蔵文化財センター2014,TRUE,,SJ_2期,,
2230,TYe077,77,新庄城跡,Toyama,1SE101,TJ,12.5,2.1,富山市教育委員会埋蔵文化財センター2014,TRUE,,,,
2231,TYe078,78,新庄城跡,Toyama,1SA01,TJ,13.9,2.3,富山市教育委員会埋蔵文化財センター2014,TRUE,,SJ_1期,,
2232,TYe083,83,新庄城跡,Toyama,1SD05,,14.5,3.5,富山市教育委員会埋蔵文化財センター2014,TRUE,,SJ_1期,,
2233,TYe086,86,新庄城跡,Toyama,1SD05,TJ-b,12.9,2.7,富山市教育委員会埋蔵文化財センター2014,TRUE,,SJ_1期,,
2234,TYe089,89,新庄城跡,Toyama,1SD200/2SD02,TJ-b,14.7,2.6,富山市教育委員会埋蔵文化財センター2014,TRUE,,SJ_4期,,
2235,TYe142,142,新庄城跡,Toyama,1SD200/2SD02,TI,8.2,1.8,富山市教育委員会埋蔵文化財センター2014,TRUE,,SJ_4期,,
2236,TYe143,143,新庄城跡,Toyama,1SD200/2SD02,TI,10.7,1.7,富山市教育委員会埋蔵文化財センター2014,TRUE,,SJ_4期,,
2237,TYe152,152,新庄城跡,Toyama,1SK148/2SK37,TJ,9,1.9,富山市教育委員会埋蔵文化財センター2014,TRUE,,SJ_4期,,
2238,TYf005,5,小出城跡,Toyama,新期SD01,TI,9,1.9,富山市教育委員会埋蔵文化財センター2007,TRUE,,KD_新期,,
2239,TYf009,9,小出城跡,Toyama,新期SD01,TI,8.7,2.2,富山市教育委員会埋蔵文化財センター2007,TRUE,,KD_新期,,
2240,TYf011,11,小出城跡,Toyama,新期SD01,TI,7.8,1.5,富山市教育委員会埋蔵文化財センター2007,TRUE,,KD_新期,,
2241,TYf014,14,小出城跡,Toyama,新期SD01,TJ,10.9,2.4,富山市教育委員会埋蔵文化財センター2007,TRUE,,KD_新期,,
2242,TYf019,19,小出城跡,Toyama,新期SD01,TI,15.5,2.3,富山市教育委員会埋蔵文化財センター2007,TRUE,,KD_新期,,
2243,TYf022,22,小出城跡,Toyama,新期SD01,TI,13.9,2.5,富山市教育委員会埋蔵文化財センター2007,TRUE,,KD_新期,,
2244,TYf060,60,小出城跡,Toyama,新期SD01,RH,11.4,1.8,富山市教育委員会埋蔵文化財センター2007,TRUE,,KD_新期,,
2245,TYf068,68,小出城跡,Toyama,新期SD01,TI,8,1.6,富山市教育委員会埋蔵文化財センター2007,TRUE,,KD_新期,,
2246,TYf071,71,小出城跡,Toyama,新期SD01,RF,8.9,1.6,富山市教育委員会埋蔵文化財センター2007,TRUE,,KD_新期,,
2247,TYf072,72,小出城跡,Toyama,新期SD01,RH,13.7,2.1,富山市教育委員会埋蔵文化財センター2007,TRUE,,KD_新期,,
2248,TYf081,81,小出城跡,Toyama,古期SD01,TI,8.5,1.8,富山市教育委員会埋蔵文化財センター2007,TRUE,,KD_古期,,
,1,1,丸塚,Toyama,,,9.4,2.2,魚津市教育委員会1986,TRUE,,,見込：一方向ナデ→体部：2字ナデ→口縁：横ナデ,口縁：横ナデ
,2,2,丸塚,Toyama,,,9.3,2.5,魚津市教育委員会1986,TRUE,,,見込：一方向ナデ→体部：2字ナデ→口縁：横ナデ,口縁：横ナデ
,3,3,丸塚,Toyama,,,9.7,2.3,魚津市教育委員会1986,TRUE,,,見込：一方向ナデ→体部：2字ナデ→口縁：横ナデ,口縁：横ナデ
,4,4,丸塚,Toyama,,C2Ⅰ1b,10.1,2.5,魚津市教育委員会1986,TRUE,,,見込：不定方向「( )」ナデ→体部：横ナデ→口縁：横ナデ,口縁：横ナデ、底部：板目状圧痕
,5,5,丸塚,Toyama,,,9.6,2.4,魚津市教育委員会1986,TRUE,,,見込：一方向ナデ→体部：2字ナデ→口縁：横ナデ,口縁：横ナデ
,6,6,丸塚,Toyama,,,9.3,2.3,魚津市教育委員会1986,TRUE,,,見込：一方向ナデ→体部：2字ナデ→口縁：横ナデ,口縁：横ナデ
,7,7,丸塚,Toyama,,,9.5,2.3,魚津市教育委員会1986,TRUE,,,見込：一方向ナデ→体部：2字ナデ→口縁：横ナデ,口縁：横ナデ
,8,8,丸塚,Toyama,,,9.5,2.3,魚津市教育委員会1986,TRUE,,,見込：一方向ナデ→体部：2字ナデ→口縁：横ナデ,口縁：横ナデ
,9,9,丸塚,Toyama,,,9.5,2,魚津市教育委員会1986,TRUE,,,見込：一方向ナデ→体部：2字ナデ→口縁：横ナデ,口縁：横ナデ
,10,10,丸塚,Toyama,,,9.3,2.2,魚津市教育委員会1986,TRUE,,,見込：なし→体部：「( )」横ナデ→口縁：横ナデ,口縁：横ナデ
,11,11,丸塚,Toyama,,,9.3,2.4,魚津市教育委員会1986,TRUE,,,見込：一方向ナデ→体部：2字ナデ→口縁：横ナデ,口縁：横ナデ
,12,12,丸塚,Toyama,,,9.6,2.2,魚津市教育委員会1986,TRUE,,,見込：一方向ナデ？→体部：横ナデ→口縁：横ナデ,口縁：横ナデ
,13,13,丸塚,Toyama,,,9.2,2.2,魚津市教育委員会1986,TRUE,,,見込：一方向ナデ→体部：2字ナデ→口縁：横ナデ,口縁：横ナデ
,14,14,丸塚,Toyama,,,9.1,2.2,魚津市教育委員会1986,TRUE,,,見込：一方向ナデ→体部：2字ナデ→口縁：横ナデ,口縁：横ナデ
,15,15,丸塚,Toyama,,,9.3,2.3,魚津市教育委員会1986,TRUE,,,見込：一方向ナデ→体部：2字ナデ→口縁：横ナデ,口縁：横ナデ
,16,16,丸塚,Toyama,,,9.5,2.4,魚津市教育委員会1986,TRUE,,,見込：一方向ナデ→体部：2字ナデ→口縁：横ナデ,口縁：横ナデ
,17,17,丸塚,Toyama,,,10.2,2.7,魚津市教育委員会1986,TRUE,,,見込：なし→体部：横ナデ→口縁：横ナデ,口縁：横ナデ
,18,18,丸塚,Toyama,,,9.5,2.4,魚津市教育委員会1986,TRUE,,,見込：一方向ナデ→体部：横ナデ→口縁：横ナデ,口縁：横ナデ
,19,19,丸塚,Toyama,,,9.4,2.3,魚津市教育委員会1986,TRUE,,,見込：一方向ナデ→体部：横ナデ→口縁：横ナデ,口縁：横ナデ
,20,20,丸塚,Toyama,,,10.4,2.4,魚津市教育委員会1986,TRUE,,,見込：一方向ナデ→体部：横ナデ→口縁：横ナデ,口縁：横ナデ
,21,21,丸塚,Toyama,,,10.7,2.5,魚津市教育委員会1986,TRUE,,,見込：一方向ナデ→体部：2字ナデ→口縁：横ナデ,口縁：横ナデ
,22,22,丸塚,Toyama,,,10.4,2.4,魚津市教育委員会1986,TRUE,,,見込：一方向ナデ？→体部：横ナデ→口縁：横ナデ,口縁：横ナデ
,23,23,丸塚,Toyama,,,10.4,2.5,魚津市教育委員会1986,TRUE,,,見込：一方向ナデ→体部：横ナデ→口縁：横ナデ,口縁：横ナデ
,24,24,丸塚,Toyama,,C2Ⅰ1b,9.4,2.5,魚津市教育委員会1986,TRUE,,,見込：不定方向「( )」ナデ→体部：横ナデ→口縁：横ナデ,口縁：横ナデ
,25,25,丸塚,Toyama,,,12.5,2.5,魚津市教育委員会1986,TRUE,,,見込：一方向ナデ→体部：横ナデ→口縁：横ナデ,口縁：横ナデ
,26,26,丸塚,Toyama,,,12.7,2.4,魚津市教育委員会1986,TRUE,,,見込：一方向ナデ→体部：横ナデ→口縁：横ナデ,口縁：横ナデ
,27,27,丸塚,Toyama,,,9.4,2.3,魚津市教育委員会1986,TRUE,,,調整不明瞭,口縁：横ナデ
,28,28,丸塚,Toyama,,,9.25,2.3,魚津市教育委員会1986,TRUE,,,見込：不明→体部：2字ナデ→口縁：横ナデ,口縁：横ナデ
,29,29,丸塚,Toyama,,,9.1,2.3,魚津市教育委員会1986,TRUE,,,見込：一方向ナデ→体部：2字ナデ→口縁：横ナデ,口縁：横ナデ
,30,30,丸塚,Toyama,,,9.7,2,魚津市教育委員会1986,TRUE,,,見込：一方向ナデ？→体部：2字ナデ→口縁：横ナデ,口縁：横ナデ
,31,31,丸塚,Toyama,,,9.9,2.4,魚津市教育委員会1986,TRUE,,,見込：一方向ナデ→体部：横ナデ→口縁：横ナデ,口縁：横ナデ
,32,32,丸塚,Toyama,,,9.15,2,魚津市教育委員会1986,TRUE,,,見込：なし→体部：横ナデ→口縁：横ナデ,口縁：横ナデ
,33,33,丸塚,Toyama,,,10.3,2.3,魚津市教育委員会1986,TRUE,,,見込：一方向ナデ→体部：2字ナデ→口縁：横ナデ,口縁：横ナデ
,34,34,丸塚,Toyama,,,10.6,2.3,魚津市教育委員会1986,TRUE,,,見込：一方向ナデ→体部：2字ナデ→口縁：横ナデ,口縁：横ナデ
,35,35,丸塚,Toyama,,,10.9,2.5,魚津市教育委員会1986,TRUE,,,見込：一方向ナデ→体部：横ナデ→口縁：横ナデ,口縁：横ナデ
,36,36,丸塚,Toyama,,,10.2,2.4,魚津市教育委員会1986,TRUE,,,見込：一方向ナデ→体部：横ナデ→口縁：横ナデ,口縁：横ナデ
,37,37,丸塚,Toyama,,,10.7,2.5,魚津市教育委員会1986,TRUE,,,見込：なし→体部：横ナデ→口縁：横ナデ,口縁：横ナデ
,38,38,丸塚,Toyama,,,10.7,2.4,魚津市教育委員会1986,TRUE,,,見込：一方向ナデ→体部：2字ナデ→口縁：横ナデ,口縁：横ナデ
,39,39,丸塚,Toyama,,,10.7,2.4,魚津市教育委員会1986,TRUE,,,見込：一方向ナデ→体部：横ナデ→口縁：横ナデ,口縁：横ナデ
,40,40,丸塚,Toyama,,,10.6,2.5,魚津市教育委員会1986,TRUE,,,見込：一方向ナデ→体部：2字ナデ→口縁：横ナデ,口縁：横ナデ
,211,211,越中国府関連遺跡,Toyama,,TI,14.1,,高岡市教育委員会1996,,,,,
,212,212,越中国府関連遺跡,Toyama,,TI,13.95,,高岡市教育委員会1996,,,,,
,213,213,越中国府関連遺跡,Toyama,,TI,13.95,1.95,高岡市教育委員会1996,TRUE,,,体部：横ナデ→口縁：横ナデ,口縁：横ナデ
,214,214,越中国府関連遺跡,Toyama,,TI,13.95,2.1,高岡市教育委員会1996,TRUE,,,,
,215,215,越中国府関連遺跡,Toyama,,TI,13.5,2.1,高岡市教育委員会1996,TRUE,,,体部：2字ナデ→口縁：横ナデ,口縁：横ナデ
,217,217,越中国府関連遺跡,Toyama,,TI,13.2,2.1,高岡市教育委員会1996,TRUE,,,体部：2字ナデ→口縁：横ナデ,口縁：横ナデ
,219,219,越中国府関連遺跡,Toyama,,TI,13.35,,高岡市教育委員会1996,,,,,
,220,220,越中国府関連遺跡,Toyama,,TI,13.2,2.4,高岡市教育委員会1996,TRUE,,,体部：2字ナデ→口縁：横ナデ,口縁：横ナデ
,221,221,越中国府関連遺跡,Toyama,,TI,13.35,,高岡市教育委員会1996,,,,,
,223,223,越中国府関連遺跡,Toyama,,TI,12.9,,高岡市教育委員会1996,,,,,
,224,224,越中国府関連遺跡,Toyama,,TI,6.75,,高岡市教育委員会1996,,,,,
,227,227,越中国府関連遺跡,Toyama,,TI,11.1,2.1,高岡市教育委員会1996,TRUE,,,体部：2字ナデ→口縁：横ナデ,口縁：横ナデ
,229,229,越中国府関連遺跡,Toyama,,TI,10.95,2.25,高岡市教育委員会1996,TRUE,,,体部：2字ナデ→口縁：横ナデ,口縁：横ナデ
,232,232,越中国府関連遺跡,Toyama,,TI,9,,高岡市教育委員会1996,,,,,
,233,233,越中国府関連遺跡,Toyama,,TI,8.7,,高岡市教育委員会1996,,,,,
,236,236,越中国府関連遺跡,Toyama,,TI,8.4,1.7,高岡市教育委員会1996,TRUE,,,体部：の字ナデ→口縁：横ナデ,口縁：横ナデ
,282,282,井口城跡,Toyama,SK15,RF,7.8,2,富山県埋蔵文化財センター1990,,,,,
,283,283,井口城跡,Toyama,SK15,RF,7.88,,富山県埋蔵文化財センター1990,,,,,
2249,TYg284,284,井口城跡,Toyama,SK15,RF,7.6,1.6,富山県埋蔵文化財センター1990,TRUE,,IN_L15C,,
,285,285,井口城跡,Toyama,SK15,RF,,,富山県埋蔵文化財センター1990,,,,,
2250,TYg286,286,井口城跡,Toyama,SK15,RF,7.6,2,富山県埋蔵文化財センター1990,TRUE,,IN_L15C,,
,287,287,井口城跡,Toyama,SK15,RF,,,富山県埋蔵文化財センター1990,,,,,
2251,TYg288,288,井口城跡,Toyama,SK15,RF,7.7,2,富山県埋蔵文化財センター1990,TRUE,,IN_L15C,,
2252,TYg289,289,井口城跡,Toyama,SK15,RF,7.7,2.2,富山県埋蔵文化財センター1990,TRUE,,IN_L15C,,
2253,TYg290,290,井口城跡,Toyama,SK15,RF,7.9,2.1,富山県埋蔵文化財センター1990,TRUE,,IN_L15C,,
2254,TYg291,291,井口城跡,Toyama,SK15,RF,7.7,1.8,富山県埋蔵文化財センター1990,TRUE,,IN_L15C,,
2255,TYg292,292,井口城跡,Toyama,SK15,RF,8.3,1.9,富山県埋蔵文化財センター1990,TRUE,,IN_L15C,,
2256,TYg293,293,井口城跡,Toyama,SK15,RF,10.8,2.4,富山県埋蔵文化財センター1990,TRUE,,IN_L15C,,
2257,TYg294,294,井口城跡,Toyama,SK15,RF,10.8,2.5,富山県埋蔵文化財センター1990,TRUE,,IN_L15C,,
,295,295,井口城跡,Toyama,SK15,RH,12.8,2.4,富山県埋蔵文化財センター1990,,,,,
2258,TYg296,296,井口城跡,Toyama,SK15,RH,13.6,2.8,富山県埋蔵文化財センター1990,TRUE,,IN_L15C,,
2259,TYg297,297,井口城跡,Toyama,SK15,RH,13.8,2.8,富山県埋蔵文化財センター1990,TRUE,,IN_L15C,,
,298,298,井口城跡,Toyama,SK15,RH,13.8,2.7,富山県埋蔵文化財センター1990,,,,,
2260,TYg299,299,井口城跡,Toyama,SK15,RH,14,3.2,富山県埋蔵文化財センター1990,TRUE,,IN_L15C,,
2261,TYg300,300,井口城跡,Toyama,SK15,RH,14.4,3,富山県埋蔵文化財センター1990,TRUE,,IN_L15C,,
2262,TYg301,301,井口城跡,Toyama,SK15,RH,14.4,2.6,富山県埋蔵文化財センター1990,TRUE,,IN_L15C,,
2263,TYg302,302,井口城跡,Toyama,SK15,RH,14.4,2.8,富山県埋蔵文化財センター1990,TRUE,,IN_L15C,,
2264,TYg303,303,井口城跡,Toyama,SK15,RH,14.2,2.8,富山県埋蔵文化財センター1990,TRUE,,IN_L15C,,
,304,304,井口城跡,Toyama,SK15,RH,14.4,,富山県埋蔵文化財センター1990,,,,,
2265,TYg305,305,井口城跡,Toyama,SK15,RH,14.4,2.8,富山県埋蔵文化財センター1990,TRUE,,IN_L15C,,
2266,TYg306,306,井口城跡,Toyama,SK15,RH,14.6,2.9,富山県埋蔵文化財センター1990,TRUE,,IN_L15C,,
2267,TYg307,307,井口城跡,Toyama,SK15,RH,14.8,3.2,富山県埋蔵文化財センター1990,TRUE,,IN_L15C,,
,308,308,井口城跡,Toyama,SK15,RH,15.6,3.28,富山県埋蔵文化財センター1990,,,,,
2268,TYg309,309,井口城跡,Toyama,SK15,RH,15.6,2.7,富山県埋蔵文化財センター1990,TRUE,,IN_L15C,,
,310,310,井口城跡,Toyama,SK15,RH,14.6,,富山県埋蔵文化財センター1990,,,,,
2269,TYg311,311,井口城跡,Toyama,SK15,RH,17.8,3.2,富山県埋蔵文化財センター1990,TRUE,,IN_L15C,,
2270,TYg315,315,井口城跡,Toyama,SK15周辺,RF,7.8,1.8,富山県埋蔵文化財センター1990,TRUE,,IN_L15C,,
2271,TYg316,316,井口城跡,Toyama,SK15周辺,RF,10.3,2.5,富山県埋蔵文化財センター1990,TRUE,,IN_L15C,,
2272,TYg319,319,井口城跡,Toyama,SK15周辺,RH,14.7,3,富山県埋蔵文化財センター1990,TRUE,,IN_L15C,,
2273,TYg320,320,井口城跡,Toyama,SK15周辺,RH,14.8,3,富山県埋蔵文化財センター1990,TRUE,,IN_L15C,,
2274,TYg321,321,井口城跡,Toyama,SK15周辺,RH,14.8,2.6,富山県埋蔵文化財センター1990,TRUE,,IN_L15C,,